Tsys	Out1	Out2	In1	In2	In3	In4	In5	In6
2305.00255	0.10998	1.67708	-90	5050.65037	-7.12523	2.95071E-4	4.14219E-4	0.00101
5905.12845	-0.1176	1.67708	-90	5051.61355	-5.17074	1.50493E-4	3.28776E-4	3.95227E-4
9504.89941	0.59675	1.67708	-90	5052.32426	-2.9213	4.64196E-4	0.00144	0.00115
13104.96272	0.43075	1.67708	-90	5053.59779	-0.37904	2.27843E-4	0.00192	8.52561E-4
16705.01326	0.28937	1.67708	-90	5054.36199	1.92516	4.56336E-4	1.67984E-4	0.00169
20304.94803	0.46211	1.67708	-90	5055.67904	4.57892	2.45443E-4	8.29999E-4	4.0717E-4
23904.98763	0.32308	1.67708	-90	5056.46594	6.92411	4.86918E-4	0.0032	0.00198
27504.91383	0.4938	1.67716	-90	5057.80248	9.62823	2.07888E-4	-1.60817E-4	8.10884E-4
31104.87905	0.49395	1.67719	-90	5058.58034	11.95227	4.79499E-4	0.00173	9.14434E-4
34704.90126	0.33175	1.67718	-90	5059.93537	14.682	2.40826E-4	0.00106	3.24415E-4
38304.80106	0.54086	1.67716	-90	5060.68608	16.92236	4.22248E-4	7.25577E-4	0.00158
41904.76226	0.54888	1.67713	-90	5062.02689	19.6744	2.03174E-4	5.69605E-4	8.0122E-4
45504.70315	0.56983	1.67709	-90	5062.80914	22.00926	4.65125E-4	8.6393E-4	0.00168
49104.74813	0.24193	1.67703	-90	5064.13218	24.72675	2.33964E-4	2.76859E-5	1.8162E-4
52704.68988	0.23271	1.67703	-90	5064.56827	25.52548	4.42242E-5	7.7118E-4	4.8234E-4
56304.57912	0.40226	1.67703	-90	5064.69339	25.73906	4.99831E-6	3.00119E-4	1.91268E-4
59904.51123	0.4087	1.67702	-90	5064.73047	25.7905	7.51097E-14	3.87358E-4	3.08323E-4
63504.46044	0.40289	1.67702	-90	5064.74316	25.81673	2.91914E-14	1.24515E-5	-6.41106E-4
67104.39373	0.40437	1.67702	-90	5064.74707	25.81759	9.92539E-14	-2.12722E-4	7.30042E-4
77904.21491	0.40763	1.67702	-90	5064.74805	25.8184	1.10245E-13	0.00106	-2.80623E-4
74304.28061	0.38628	1.67702	-90	5064.74951	25.82942	3.16136E-14	-4.05797E-4	-5.49942E-5
70704.32588	0.3912	1.67702	-90	5064.74854	25.85532	2.45082E-14	-9.43465E-4	5.78576E-4
2355.015	0.11095	1.67686	-87.5	5050.6667	-7.08575	3.08356E-4	2.4601E-4	8.09544E-4
5955.11205	-0.06966	1.67686	-87.5	5051.62212	-5.15742	1.30375E-4	6.94487E-5	3.05389E-4
9554.9056	0.5812	1.67686	-87.5	5052.34693	-2.85764	4.49615E-4	0.00121	9.15174E-4
13154.96507	0.43125	1.67686	-87.5	5053.60891	-0.35991	2.08432E-4	0.00114	8.68569E-4
16755.01299	0.28852	1.67686	-87.5	5054.38509	1.98066	4.56017E-4	9.25393E-4	0.00147
20354.95057	0.456	1.67686	-87.5	5055.69009	4.59192	2.43076E-4	5.6785E-4	3.62585E-4
23954.99015	0.30581	1.67687	-87.5	5056.48965	6.98915	4.80272E-4	0.0022	0.00158
27554.9118	0.50378	1.67693	-87.5	5057.81339	9.64614	2.0399E-4	7.70135E-5	7.16632E-4
31154.89308	0.52702	1.67696	-87.5	5058.60381	12.01423	4.67319E-4	0.0014	0.00118
34754.90176	0.33869	1.67695	-87.5	5059.94647	14.71139	2.3022E-4	9.04216E-4	6.23497E-4
38354.8015	0.54944	1.67694	-87.5	5060.70857	16.97946	4.47034E-4	3.80499E-4	0.00165
41954.76605	0.52567	1.67691	-87.5	5062.03762	19.69688	1.94563E-4	4.41749E-4	3.99091E-4
45554.69683	0.54274	1.67687	-87.5	5062.83232	22.06845	4.63907E-4	0.00116	0.00176
49154.74736	0.24285	1.67682	-87.5	5064.14229	24.74013	2.21754E-4	2.42098E-4	6.75954E-4
52754.69012	0.23639	1.67681	-87.5	5064.57149	25.52287	5.37651E-5	6.29411E-4	1.60433E-4
56354.57592	0.39942	1.6768	-87.5	5064.69449	25.74024	1.18804E-5	3.32099E-4	1.40909E-4
59954.51744	0.39916	1.6768	-87.5	5064.73081	25.79253	8.28713E-6	2.51726E-4	-7.03999E-5
63554.45884	0.40047	1.6768	-87.5	5064.74322	25.81734	6.24109E-6	2.69997E-4	-1.15243E-4
77954.21294	0.39797	1.6768	-87.5	5064.74805	25.82487	6.77344E-14	4.44358E-4	-3.40407E-4
67154.3987	0.39553	1.6768	-87.5	5064.74707	25.826	9.92539E-14	-1.50372E-4	1.30539E-4
74354.27724	0.3855	1.6768	-87.5	5064.74951	25.83383	3.16136E-14	-8.94535E-5	1.98192E-5
70754.33088	0.39665	1.6768	-87.5	5064.74859	25.84799	5.83478E-6	-9.70656E-4	3.1846E-4
2405.02745	0.11207	1.67665	-85	5050.68303	-7.04626	3.21688E-4	7.7978E-5	6.04448E-4
6005.09566	-0.02172	1.67665	-85	5051.63068	-5.14409	1.10256E-4	-1.89879E-4	2.15551E-4
9604.91193	0.56527	1.67665	-85	5052.36959	-2.79394	4.34939E-4	9.77626E-4	6.78482E-4
13204.96743	0.43171	1.67665	-85	5053.62003	-0.34076	1.88984E-4	3.64786E-4	8.84161E-4
16805.01272	0.28765	1.67665	-85	5054.40818	2.03615	4.55704E-4	0.00169	0.00124
20404.95314	0.44984	1.67665	-85	5055.70114	4.60487	2.40667E-4	3.04349E-4	3.18329E-4
24004.99268	0.28848	1.67665	-85	5056.51336	7.05424	4.73598E-4	0.00118	0.00117
27604.90979	0.51374	1.67668	-85	5057.8243	9.66403	2.00078E-4	3.14534E-4	6.21412E-4
31204.90718	0.56015	1.67671	-85	5058.62729	12.07615	4.55053E-4	0.00108	0.00145
34804.90227	0.34563	1.67671	-85	5059.95756	14.74082	2.19588E-4	7.43356E-4	9.24227E-4
38404.80198	0.55797	1.6767	-85	5060.73106	17.03653	4.71874E-4	3.61602E-5	0.00172
42004.76984	0.5024	1.67668	-85	5062.04835	19.71939	1.85909E-4	3.14386E-4	-4.76775E-6
45604.6905	0.51541	1.67665	-85	5062.8555	22.12765	4.62608E-4	0.00146	0.00185
49204.7466	0.24375	1.67658	-85	5064.1524	24.75349	2.09479E-4	4.56898E-4	0.00117
52804.69037	0.24006	1.67656	-85	5064.57471	25.52024	6.33296E-5	4.8685E-4	-1.62663E-4
56404.57271	0.39655	1.67656	-85	5064.6956	25.74142	1.8798E-5	3.6345E-4	8.94109E-5
60004.52368	0.38957	1.67656	-85	5064.73115	25.79459	1.65988E-5	1.16257E-4	-4.5079E-4
63604.45724	0.39803	1.67656	-85	5064.74328	25.81798	1.24995E-5	5.26951E-4	4.12767E-4
78004.21096	0.38825	1.67656	-85	5064.74805	25.83135	2.51013E-14	-1.72694E-4	-4.01167E-4
67204.40369	0.38666	1.67656	-85	5064.74707	25.83445	9.92539E-14	-8.8354E-5	-4.71943E-4
74404.27386	0.38472	1.67656	-85	5064.74951	25.83822	3.16136E-14	2.29917E-4	9.63749E-5
70804.33593	0.40211	1.67656	-85	5064.74864	25.84062	1.16874E-5	-9.9759E-4	5.61936E-5
2455.0479	0.05874	1.67628	-82.5	5050.69948	-7.00764	3.26053E-4	8.71174E-4	5.79969E-4
6055.08226	0.01441	1.67628	-82.5	5051.63911	-5.12431	1.39781E-4	9.01218E-5	2.57244E-4
9654.89412	0.64081	1.67628	-82.5	5052.39221	-2.74732	4.49438E-4	0.00107	8.65657E-4
13254.97164	0.42139	1.67628	-82.5	5053.63032	-0.32173	2.00092E-4	1.32712E-4	6.85885E-4
16855.01504	0.28088	1.67628	-82.5	5054.43122	2.10017	4.61937E-4	0.0013	9.63809E-4
20454.98329	0.35511	1.67628	-82.5	5055.71197	4.62564	2.33114E-4	5.47467E-4	4.6509E-4
24054.99565	0.27285	1.67628	-82.5	5056.5374	7.12318	4.72959E-4	0.00104	0.00104
27654.90438	0.51468	1.67632	-82.5	5057.83499	9.68181	1.98303E-4	6.98627E-4	4.36035E-4
31254.88321	0.55429	1.67636	-82.5	5058.65159	12.14235	4.67347E-4	0.00114	0.00147
34854.90424	0.34061	1.67634	-82.5	5059.96809	14.75855	2.12382E-4	3.5771E-4	6.36085E-4
38454.80009	0.54739	1.67634	-82.5	5060.7543	17.11508	4.62633E-4	3.14865E-4	0.00146
42054.77875	0.48321	1.67631	-82.5	5062.05867	19.73666	1.97689E-4	-4.44728E-5	1.36839E-4
45654.72065	0.47422	1.67629	-82.5	5062.87946	22.19907	4.81991E-4	0.00131	0.0011
49254.75146	0.23463	1.67613	-82.5	5064.16223	24.77045	1.961E-4	7.85825E-5	8.85054E-4
52854.69437	0.22696	1.67615	-82.5	5064.57778	25.51861	5.30987E-5	3.47597E-4	-1.98867E-4
56454.57631	0.38176	1.67615	-82.5	5064.69646	25.74074	2.24193E-5	0.00103	3.19056E-4
60054.52219	0.37281	1.67615	-82.5	5064.7313	25.80402	8.33287E-6	-2.12519E-4	-2.79574E-4
63654.46014	0.38179	1.67615	-82.5	5064.74357	25.81508	7.0889E-6	2.26814E-4	2.17965E-4
78054.21097	0.38111	1.67615	-82.5	5064.74805	25.83001	6.74934E-14	3.82923E-4	-1.66931E-4
70854.3354	0.38742	1.67615	-82.5	5064.74907	25.83435	5.86762E-6	-5.66285E-4	9.72397E-5
74454.27715	0.36789	1.67615	-82.5	5064.74951	25.83659	3.16136E-14	-1.40037E-4	-3.25981E-4
67254.40069	0.37276	1.67615	-82.5	5064.74731	25.8367	8.31846E-14	-3.70379E-4	-4.6899E-4
2505.06837	0.00535	1.67588	-80	5050.71594	-6.96901	3.30408E-4	0.00167	5.5568E-4
6105.06887	0.05054	1.67588	-80	5051.64754	-5.10452	1.6931E-4	3.70168E-4	2.98949E-4
9704.87621	0.71672	1.67588	-80	5052.41482	-2.70077	4.64053E-4	0.00116	0.00105
13304.97585	0.41103	1.67588	-80	5053.64062	-0.3027	2.11293E-4	-9.76969E-5	4.86956E-4
16905.01737	0.2741	1.67588	-80	5054.45426	2.1642	4.68184E-4	9.11187E-4	6.90966E-4
20505.01354	0.26009	1.67588	-80	5055.72279	4.64643	2.25544E-4	7.92226E-4	6.12469E-4
24104.99862	0.25722	1.67589	-80	5056.56145	7.19214	4.72334E-4	9.07887E-4	9.05298E-4
27704.89895	0.51559	1.67593	-80	5057.84568	9.6996	1.96536E-4	0.00108	2.50342E-4
31304.85912	0.5483	1.67597	-80	5058.67589	12.20855	4.79716E-4	0.0012	0.00148
34904.90622	0.33557	1.67594	-80	5059.97862	14.77624	2.05185E-4	-2.85082E-5	3.46444E-4
38504.79819	0.53674	1.67594	-80	5060.77754	17.19372	4.53265E-4	5.95911E-4	0.00121
42104.78768	0.46405	1.67592	-80	5062.06898	19.75391	2.09542E-4	-4.04165E-4	2.80407E-4
45704.75095	0.43298	1.67591	-80	5062.90341	22.27055	5.01461E-4	0.00116	3.41644E-4
49304.75633	0.2255	1.67568	-80	5064.17206	24.78742	1.8272E-4	-3.00829E-4	5.96987E-4
52904.69838	0.21382	1.67572	-80	5064.58085	25.51699	4.28327E-5	2.08349E-4	-2.34563E-4
56504.57994	0.36694	1.67573	-80	5064.69732	25.74006	2.6031E-5	0.00169	5.49524E-4
63704.46305	0.36551	1.67574	-80	5064.74387	25.81217	1.64525E-6	-7.49022E-5	2.11137E-5
60104.52069	0.35603	1.67574	-80	5064.73144	25.81346	2.21027E-8	-5.41819E-4	-1.06865E-4
70904.33486	0.37267	1.67574	-80	5064.74951	25.82807	1.56309E-8	-1.33717E-4	1.39122E-4
78104.21098	0.37397	1.67574	-80	5064.74805	25.82865	1.10128E-13	9.41886E-4	6.8146E-5
74504.28046	0.35101	1.67574	-80	5064.74951	25.83495	3.16136E-14	-5.11989E-4	-7.49782E-4
67304.39767	0.35885	1.67574	-80	5064.74756	25.83894	6.70719E-14	-6.53333E-4	-4.644E-4
2555.06059	0.05165	1.67539	-77.5	5050.73233	-6.92457	3.26204E-4	0.00101	4.2865E-4
6155.03261	0.15267	1.67539	-77.5	5051.65524	-5.0968	1.55078E-4	2.56009E-4	1.32902E-4
9754.89739	0.60595	1.67539	-77.5	5052.43778	-2.64856	4.63617E-4	0.00102	9.41696E-4
13354.97827	0.39015	1.67539	-77.5	5053.65061	-0.283	2.22122E-4	6.49719E-4	5.59424E-4
16955.02212	0.24934	1.67539	-77.5	5054.47771	2.21428	4.78141E-4	0.00152	5.43781E-4
20555.01995	0.23727	1.67539	-77.5	5055.73304	4.66414	2.17628E-4	0.00117	2.05662E-4
24155.00572	0.23371	1.67542	-77.5	5056.58569	7.24886	4.82379E-4	8.33391E-4	8.97559E-4
27754.90033	0.50512	1.67546	-77.5	5057.85618	9.71779	2.12385E-4	5.96243E-4	4.27331E-4
31354.86445	0.53305	1.67551	-77.5	5058.7004	12.27228	5.07735E-4	0.00141	0.00155
34954.90702	0.32539	1.67548	-77.5	5059.98892	14.79208	2.07556E-4	6.36451E-5	2.47433E-4
38554.80608	0.50927	1.67547	-77.5	5060.8013	17.2538	4.6153E-4	0.0013	0.00113
42154.79184	0.42233	1.67546	-77.5	5062.07885	19.77082	2.14583E-4	2.71789E-4	1.39228E-4
45754.74422	0.4114	1.67544	-77.5	5062.9275	22.33475	4.90189E-4	0.00122	8.70118E-4
49354.75319	0.2002	1.67531	-77.5	5064.18209	24.81162	1.85216E-4	1.11016E-4	6.34082E-4
52954.69522	0.19923	1.67532	-77.5	5064.58273	25.53306	4.74485E-5	-5.59903E-5	2.74732E-5
56554.58613	0.34445	1.67532	-77.5	5064.69813	25.73856	3.37098E-5	9.5136E-4	6.56947E-5
60154.52489	0.33273	1.67532	-77.5	5064.73145	25.80878	7.43511E-14	-4.6783E-4	-5.57677E-4
63754.46599	0.34474	1.67532	-77.5	5064.74394	25.82036	1.44372E-6	5.00895E-5	1.97612E-4
70954.34102	0.34531	1.67532	-77.5	5064.74951	25.82569	3.16136E-14	-1.77288E-4	1.32656E-4
78154.21839	0.34257	1.67532	-77.5	5064.74805	25.82999	1.10245E-13	1.53548E-4	-3.32037E-4
74554.28418	0.33868	1.67532	-77.5	5064.74951	25.83466	3.16136E-14	-2.1967E-5	-6.5094E-4
67354.40474	0.33751	1.67532	-77.5	5064.74756	25.84146	6.70297E-14	-1.17906E-5	-2.09602E-4
2605.0528	0.09798	1.67489	-75	5050.74871	-6.88012	3.21997E-4	3.52772E-4	3.01586E-4
6204.99634	0.25484	1.67489	-75	5051.66294	-5.08909	1.40819E-4	1.41606E-4	-3.32733E-5
9804.91875	0.49431	1.67489	-75	5052.46073	-2.59632	4.63111E-4	8.67031E-4	8.2746E-4
13404.98068	0.36924	1.67489	-75	5053.6606	-0.26329	2.32951E-4	0.0014	6.32675E-4
17005.02688	0.22454	1.67489	-75	5054.50117	2.26433	4.88105E-4	0.00213	3.96854E-4
20605.02631	0.2146	1.67489	-75	5055.74328	4.68183	2.09711E-4	0.00155	-2.0221E-4
24205.01282	0.21018	1.6749	-75	5056.60992	7.30555	4.92446E-4	7.59022E-4	8.9007E-4
27804.90174	0.4946	1.67496	-75	5057.86667	9.73598	2.28298E-4	1.06094E-4	6.05633E-4
31404.8699	0.51776	1.67502	-75	5058.72491	12.33601	5.35817E-4	0.00163	0.00161
35004.90782	0.3152	1.67499	-75	5059.99922	14.80792	2.0995E-4	1.56978E-4	1.48892E-4
38604.81401	0.48174	1.67498	-75	5060.82507	17.3138	4.69863E-4	0.002	0.00104
42204.79599	0.38054	1.67498	-75	5062.08872	19.78772	2.19602E-4	9.50991E-4	-2.84412E-6
45804.73738	0.38987	1.67496	-75	5062.95159	22.39892	4.78826E-4	0.00127	0.0014
49404.75003	0.17488	1.6749	-75	5064.19212	24.83583	1.87736E-4	5.24091E-4	6.71682E-4
53004.69205	0.18464	1.67489	-75	5064.58461	25.54915	5.20868E-5	-3.20518E-4	2.8996E-4
56604.59232	0.32195	1.67489	-75	5064.69894	25.73706	4.13995E-5	2.05873E-4	-4.20051E-4
60204.5291	0.30941	1.67488	-75	5064.73145	25.80406	2.73129E-14	-3.92766E-4	-0.00101
71004.3472	0.31791	1.67488	-75	5064.74951	25.82332	3.16136E-14	-2.22135E-4	1.2606E-4
63804.46894	0.32395	1.67488	-75	5064.74402	25.82858	1.25591E-6	1.76198E-4	3.75087E-4
78204.22582	0.3111	1.67488	-75	5064.74805	25.83135	1.10245E-13	-6.385E-4	-7.33969E-4
74604.28791	0.32637	1.67488	-75	5064.74951	25.83439	3.16136E-14	4.70265E-4	-5.50757E-4
67404.41183	0.31614	1.67488	-75	5064.74756	25.84399	6.70297E-14	6.32177E-4	4.5852E-5
2655.02715	0.14781	1.67438	-72.5	5050.76523	-6.8484	3.38231E-4	2.99699E-4	6.13453E-4
6254.99792	0.23929	1.67438	-72.5	5051.67115	-5.0661	1.56192E-4	-4.86388E-4	2.77765E-4
9854.92108	0.50909	1.67438	-72.5	5052.48339	-2.55053	4.54398E-4	7.86701E-4	6.14559E-4
13454.98894	0.34106	1.67438	-72.5	5053.67035	-0.24877	2.15611E-4	6.64377E-4	4.01211E-4
17055.03214	0.20077	1.67438	-72.5	5054.52448	2.32485	4.65009E-4	0.00177	5.98725E-4
20655.03129	0.1844	1.67438	-72.5	5055.75357	4.70764	1.82954E-4	9.80263E-4	8.17072E-5
24255.02072	0.18411	1.67439	-72.5	5056.63428	7.35088	4.88168E-4	9.14575E-4	8.58149E-4
27854.90689	0.47245	1.67444	-72.5	5057.87654	9.75132	2.10884E-4	1.12173E-4	2.39519E-4
31454.88244	0.4736	1.67449	-72.5	5058.75006	12.39468	5.04725E-4	0.00192	9.79125E-4
35054.91685	0.28574	1.67446	-72.5	5060.00957	14.8345	2.03565E-4	1.33075E-5	1.72433E-4
38654.82695	0.4269	1.67446	-72.5	5060.849	17.37213	4.88987E-4	0.00166	0.0014
42254.81211	0.33651	1.67446	-72.5	5062.09874	19.80661	2.02864E-4	6.63516E-4	3.92069E-5
45854.74687	0.36776	1.67444	-72.5	5062.97621	22.46395	5.00989E-4	0.00131	0.00101
49454.76132	0.15184	1.67438	-72.5	5064.20112	24.84885	1.86766E-4	-1.01062E-4	5.38376E-4
53054.69879	0.1533	1.67437	-72.5	5064.58793	25.54572	4.63347E-5	2.10259E-5	-2.4863E-5
56654.60022	0.29126	1.67437	-72.5	5064.69981	25.7423	2.07537E-5	4.88636E-4	-1.68296E-4
60254.53805	0.27725	1.67437	-72.5	5064.73169	25.79677	3.3764E-14	1.67629E-4	-5.19777E-4
71054.35658	0.29274	1.67437	-72.5	5064.74951	25.82737	3.16136E-14	-2.19538E-4	-3.88195E-4
63854.47835	0.29119	1.67437	-72.5	5064.74407	25.82872	1.02732E-6	-1.37389E-4	5.07457E-4
78254.23788	0.27999	1.67437	-72.5	5064.74805	25.83105	1.10245E-13	-2.14778E-4	-8.42972E-4
74654.29612	0.29245	1.67437	-72.5	5064.74951	25.84166	3.16136E-14	8.74831E-4	-5.46891E-4
67454.41683	0.2919	1.67437	-72.5	5064.74756	25.84471	6.70297E-14	2.54462E-4	2.75728E-4
2705.00149	0.19764	1.67386	-70	5050.78174	-6.81669	3.5448E-4	2.47075E-4	9.25646E-4
6304.99959	0.2235	1.67386	-70	5051.67936	-5.04307	1.71625E-4	-0.00112	5.89793E-4
9904.92334	0.52434	1.67386	-70	5052.50604	-2.50477	4.45653E-4	7.06636E-4	4.01279E-4
13504.99722	0.31287	1.67386	-70	5053.68011	-0.23427	1.98192E-4	-7.53452E-5	1.68898E-4
17105.0374	0.17701	1.67386	-70	5054.5478	2.38538	4.41853E-4	0.00141	8.01245E-4
20705.03627	0.15419	1.67386	-70	5055.76386	4.73347	1.56166E-4	4.08429E-4	3.66778E-4
24305.02861	0.15803	1.67387	-70	5056.65863	7.39619	4.83865E-4	0.00107	8.26186E-4
27904.91205	0.45025	1.67391	-70	5057.88641	9.76666	1.93352E-4	1.20022E-4	-1.28537E-4
31504.895	0.42933	1.67395	-70	5058.77522	12.45334	4.73407E-4	0.0022	3.48759E-4
35104.9259	0.25623	1.67394	-70	5060.01992	14.8611	1.97159E-4	-1.3094E-4	1.96272E-4
38704.83992	0.37196	1.67393	-70	5060.87293	17.43046	5.0815E-4	0.00131	0.00175
42304.82827	0.29248	1.67392	-70	5062.10876	19.8255	1.86062E-4	3.73267E-4	8.17862E-5
45904.75641	0.34565	1.67391	-70	5063.00083	22.52898	5.23254E-4	0.00135	6.20921E-4
49504.77263	0.12879	1.67388	-70	5064.21013	24.86184	1.8579E-4	-7.27854E-4	4.048E-4
53104.70555	0.12193	1.67387	-70	5064.59125	25.54227	4.05665E-5	3.63502E-4	-3.40573E-4
56704.60812	0.26056	1.67387	-70	5064.70068	25.74755	4.16713E-8	7.73797E-4	8.51808E-5
60304.54701	0.24507	1.67387	-70	5064.73193	25.78948	4.03432E-14	7.29187E-4	-2.71418E-5
63904.48777	0.2584	1.67387	-70	5064.74413	25.82884	7.98636E-7	-4.52031E-4	6.39718E-4
78304.24995	0.24888	1.67387	-70	5064.74805	25.83075	1.10245E-13	2.11928E-4	-9.51257E-4
71104.36596	0.26757	1.67387	-70	5064.74951	25.83143	3.16136E-14	-2.16826E-4	-9.03684E-4
67504.42183	0.26765	1.67387	-70	5064.74756	25.84542	6.70297E-14	-1.25643E-4	5.05543E-4
74704.30435	0.25848	1.67387	-70	5064.74951	25.84895	3.16136E-14	0.00128	-5.43258E-4
2754.98237	0.24761	1.67332	-67.5	5050.79846	-6.77441	3.4895E-4	3.43644E-4	9.30133E-4
6355.00025	0.22355	1.67332	-67.5	5051.68721	-5.03487	1.69289E-4	-0.00101	4.01999E-4
9954.90478	0.58039	1.67332	-67.5	5052.52865	-2.45173	4.56882E-4	0.00112	8.10207E-4
13555.00529	0.27147	1.67332	-67.5	5053.68954	-0.2186	1.9161E-4	-2.96835E-4	5.39087E-4
17155.04292	0.16637	1.67332	-67.5	5054.57102	2.42194	4.49695E-4	0.00192	6.48245E-4
20755.04337	0.12331	1.67332	-67.5	5055.77368	4.74151	1.88049E-4	4.96985E-4	5.16248E-4
24355.0365	0.13012	1.67333	-67.5	5056.68281	7.45256	4.87839E-4	0.00138	0.00122
27954.91943	0.41653	1.67336	-67.5	5057.89672	9.78736	1.89792E-4	-1.83148E-5	1.35704E-4
31554.91099	0.38077	1.6734	-67.5	5058.80007	12.51447	4.84304E-4	0.00147	3.26852E-4
35154.9196	0.28405	1.67339	-67.5	5060.02929	14.87719	2.13056E-4	5.8032E-5	4.39693E-4
38754.87479	0.24818	1.67339	-67.5	5060.89766	17.4928	4.88996E-4	0.00115	0.00129
42354.84017	0.23923	1.67339	-67.5	5062.11807	19.84561	1.84127E-4	1.4347E-5	-2.45179E-4
45954.76609	0.30318	1.67339	-67.5	5063.02547	22.59029	5.05584E-4	0.00131	0.00116
49554.7756	0.09516	1.67335	-67.5	5064.21952	24.88062	1.78932E-4	-7.92306E-4	6.09598E-5
53154.71027	0.09861	1.67334	-67.5	5064.59384	25.54786	5.15105E-5	1.13534E-4	-1.99651E-4
56754.61656	0.21764	1.67334	-67.5	5064.70129	25.74617	7.75909E-6	4.97578E-4	1.03364E-4
60354.55856	0.20786	1.67334	-67.5	5064.73217	25.79649	1.2803E-6	7.4831E-5	1.83207E-4
78354.25723	0.21077	1.67334	-67.5	5064.74805	25.8275	1.10245E-13	-2.59379E-4	-9.08381E-4
63954.49571	0.21588	1.67334	-67.5	5064.74413	25.8276	3.99829E-7	1.23875E-5	5.89038E-4
74754.31594	0.21637	1.67334	-67.5	5064.74951	25.83517	3.16136E-14	5.20675E-4	-9.11914E-5
71154.37563	0.22369	1.67334	-67.5	5064.74951	25.83622	3.16136E-14	-4.36059E-4	-3.47502E-4
67554.43391	0.22398	1.67334	-67.5	5064.74756	25.83868	6.70297E-14	0.00147	2.14494E-4
2804.96326	0.29759	1.67278	-65	5050.81517	-6.73211	3.43382E-4	4.40476E-4	9.34075E-4
6405.00091	0.22364	1.67278	-65	5051.69506	-5.02671	1.66916E-4	-9.12566E-4	2.132E-4
10004.88615	0.63659	1.67278	-65	5052.55127	-2.39866	4.68185E-4	0.00153	0.00122
13605.01336	0.23005	1.67278	-65	5053.69897	-0.20294	1.85054E-4	-5.17052E-4	9.10755E-4
17205.04843	0.15575	1.67278	-65	5054.59425	2.45846	4.57589E-4	0.00243	4.94659E-4
20805.05046	0.09243	1.67278	-65	5055.78349	4.74953	2.20019E-4	5.8651E-4	6.65519E-4
24405.04439	0.10221	1.67278	-65	5056.70698	7.50895	4.91825E-4	0.00168	0.00161
28004.92681	0.38277	1.67281	-65	5057.90704	9.80809	1.86279E-4	-1.57142E-4	4.02068E-4
31604.92698	0.3322	1.67284	-65	5058.82492	12.57561	4.9534E-4	7.42831E-4	3.06951E-4
35204.91326	0.312	1.67284	-65	5060.03865	14.89325	2.29E-4	2.47694E-4	6.83569E-4
38804.90973	0.12419	1.67284	-65	5060.9224	17.55516	4.69728E-4	9.91073E-4	8.28759E-4
42404.85206	0.18596	1.67285	-65	5062.12738	19.86572	1.82225E-4	-3.44726E-4	-5.72964E-4
46004.77577	0.26065	1.67286	-65	5063.05011	22.65159	4.87807E-4	0.00126	0.00169
49604.77856	0.06151	1.67283	-65	5064.22891	24.89939	1.72067E-4	-8.56124E-4	-2.83117E-4
53204.715	0.0753	1.67282	-65	5064.59642	25.55347	6.24757E-5	-1.37185E-4	-5.81499E-5
56804.625	0.1747	1.67281	-65	5064.70191	25.74478	1.55338E-5	2.20227E-4	1.21072E-4
60404.57011	0.17064	1.67281	-65	5064.7324	25.80353	2.56321E-6	-5.82001E-4	3.92981E-4
74804.32753	0.17425	1.67281	-65	5064.74951	25.82135	3.16136E-14	-2.40259E-4	3.61809E-4
78404.26451	0.17265	1.67281	-65	5064.74805	25.82425	1.10245E-13	-7.32455E-4	-8.65207E-4
64004.50364	0.17335	1.67281	-65	5064.74414	25.82636	6.7789E-10	4.7838E-4	5.37988E-4
67604.44601	0.18026	1.67281	-65	5064.74756	25.83193	6.70297E-14	0.00307	-7.76683E-5
71204.38529	0.17977	1.67281	-65	5064.74951	25.841	3.16136E-14	-6.55747E-4	2.10881E-4
2854.97229	0.25649	1.67225	-62.5	5050.83159	-6.69576	3.33264E-4	1.91367E-4	0.0011
6454.99702	0.19286	1.67225	-62.5	5051.7022	-5.00805	1.69805E-4	2.53854E-4	2.03688E-4
10054.89035	0.57234	1.67225	-62.5	5052.57348	-2.35107	4.5052E-4	8.8752E-4	0.00111
13655.02553	0.18502	1.67225	-62.5	5053.70837	-0.18247	2.07285E-4	-4.79021E-4	4.40792E-4
17255.05333	0.12269	1.67225	-62.5	5054.6173	2.51188	4.56211E-4	0.00202	8.67146E-4
20855.05946	0.05069	1.67225	-62.5	5055.79278	4.7742	2.06061E-4	4.95468E-4	4.12468E-4
24455.04856	0.06568	1.67225	-62.5	5056.73097	7.5613	4.72992E-4	0.00141	0.00142
28054.93451	0.3435	1.67228	-62.5	5057.9164	9.81851	1.82035E-4	1.87605E-4	5.46623E-4
31654.92657	0.31878	1.67232	-62.5	5058.84988	12.62281	4.829E-4	5.44779E-4	2.69957E-4
35254.91501	0.26165	1.67231	-62.5	5060.04857	14.91111	1.93846E-4	6.52677E-4	4.56456E-4
38854.93111	0.05424	1.67231	-62.5	5060.94699	17.60909	4.71343E-4	6.21361E-4	9.94557E-4
42454.8661	0.12934	1.67233	-62.5	5062.13653	19.87772	1.98773E-4	2.40938E-5	-1.49407E-4
46054.80534	0.16181	1.67236	-62.5	5063.07487	22.7027	4.9584E-4	0.00137	0.00155
49654.78911	0.02542	1.67233	-62.5	5064.23773	24.91971	1.82719E-4	-7.69801E-4	2.43116E-5
53254.70959	0.08606	1.67232	-62.5	5064.59888	25.57203	5.60896E-5	1.97322E-5	1.95625E-4
56854.63488	0.13763	1.67232	-62.5	5064.70284	25.75215	1.77851E-5	3.58861E-4	1.06365E-4
60454.58013	0.12409	1.67231	-62.5	5064.7329	25.80573	1.28437E-6	-3.1088E-4	-2.82677E-4
74854.33831	0.12769	1.67231	-62.5	5064.74951	25.82368	3.16136E-14	-3.95755E-4	3.31433E-4
78454.27336	0.12857	1.67231	-62.5	5064.74805	25.82592	1.10245E-13	1.43211E-4	-2.02002E-4
64054.51577	0.13173	1.67231	-62.5	5064.74432	25.82703	1.29508E-5	6.07977E-4	4.00978E-4
67654.45569	0.13274	1.67231	-62.5	5064.74756	25.83238	6.70297E-14	0.00122	-1.2171E-4
71254.39693	0.13105	1.67231	-62.5	5064.74951	25.83722	3.16136E-14	-7.17013E-5	-5.24926E-5
2904.98139	0.21515	1.67172	-60	5050.848	-6.65941	3.23135E-4	-5.86217E-5	0.00126
6504.99312	0.16202	1.67172	-60	5051.70933	-4.98937	1.72704E-4	0.00142	1.94532E-4
10104.89466	0.50755	1.67172	-60	5052.59569	-2.3035	4.32724E-4	2.44613E-4	9.86879E-4
13705.03771	0.13999	1.67172	-60	5053.71777	-0.162	2.29577E-4	-4.40439E-4	-3.09645E-5
17305.05823	0.0896	1.67172	-60	5054.64035	2.56533	4.54819E-4	0.00161	0.00124
20905.06846	0.00895	1.67172	-60	5055.80206	4.79889	1.9205E-4	4.04213E-4	1.58941E-4
24505.05273	0.02914	1.67173	-60	5056.75496	7.61365	4.54134E-4	0.00113	0.00124
28104.94222	0.30422	1.67176	-60	5057.92576	9.82891	1.77789E-4	5.33832E-4	6.90805E-4
31704.92611	0.30546	1.67179	-60	5058.87483	12.66997	4.70396E-4	3.48137E-4	2.32917E-4
35304.91677	0.21114	1.67179	-60	5060.0585	14.92898	1.58584E-4	0.00106	2.28343E-4
38904.95246	-0.01563	1.67178	-60	5060.97158	17.66301	4.7299E-4	2.51315E-4	0.00116
42504.88014	0.07271	1.67182	-60	5062.14567	19.88971	2.15353E-4	3.94182E-4	2.75459E-4
46104.83495	0.06284	1.67186	-60	5063.09963	22.75379	5.03932E-4	0.00149	0.00141
49704.79968	-0.01068	1.67183	-60	5064.24654	24.94002	1.93388E-4	-6.83326E-4	3.32397E-4
53304.70417	0.09687	1.67183	-60	5064.60133	25.5906	4.96847E-5	1.77089E-4	4.49521E-4
56904.64476	0.10057	1.67182	-60	5064.70376	25.75955	2.00272E-5	4.98194E-4	9.16042E-5
60504.59015	0.07752	1.67182	-60	5064.7334	25.80792	1.50073E-9	-3.82999E-5	-9.59728E-4
74904.34908	0.08112	1.67182	-60	5064.74951	25.82604	3.16136E-14	-5.50272E-4	3.00274E-4
78504.28222	0.08448	1.67182	-60	5064.74805	25.82759	1.10245E-13	0.00102	4.62244E-4
64104.52791	0.09012	1.67182	-60	5064.7445	25.82771	2.59237E-5	7.37001E-4	2.63823E-4
67704.46537	0.08521	1.67182	-60	5064.74756	25.83283	6.70297E-14	-6.42724E-4	-1.65343E-4
71304.40857	0.08233	1.67182	-60	5064.74951	25.83342	3.16136E-14	5.13683E-4	-3.17234E-4
2954.98256	0.20215	1.67128	-57.5	5050.86435	-6.62934	3.32207E-4	2.37358E-6	0.00116
6555.02195	0.06317	1.67128	-57.5	5051.71665	-4.97809	1.6048E-4	9.99963E-4	3.28789E-4
10154.93744	0.34238	1.67128	-57.5	5052.61803	-2.25536	4.44279E-4	1.29484E-4	6.2714E-4
13755.04776	0.08871	1.67128	-57.5	5053.727	-0.14652	2.05215E-4	-3.40052E-4	-1.08134E-6
17355.06952	0.03871	1.67128	-57.5	5054.66294	2.60656	4.61338E-4	9.50694E-4	0.00138
20955.07756	-0.03846	1.67128	-57.5	5055.81132	4.81642	1.75432E-4	4.01917E-4	1.17246E-4
24555.06496	-0.02245	1.67128	-57.5	5056.77871	7.66065	4.63343E-4	3.69889E-4	0.00105
28154.95489	0.2594	1.67131	-57.5	5057.935	9.84765	1.5445E-4	6.14735E-4	6.32921E-4
31754.95328	0.2102	1.67134	-57.5	5058.89942	12.72425	4.81178E-4	7.99184E-4	5.10922E-4
35354.92782	0.15506	1.67133	-57.5	5060.06756	14.94925	1.81801E-4	6.41371E-4	3.57153E-4
38954.96828	-0.08439	1.67132	-57.5	5060.99623	17.72431	4.77155E-4	5.63704E-4	0.00118
42554.88961	0.05035	1.67136	-57.5	5062.15438	19.91407	2.01023E-4	4.47443E-4	1.06913E-4
46154.8467	0.01186	1.67139	-57.5	5063.12461	22.81298	4.88522E-4	0.00148	0.00131
49754.80763	-0.04483	1.67138	-57.5	5064.25456	24.95792	1.537E-4	1.67214E-4	2.39732E-4
53354.7183	0.04933	1.67137	-57.5	5064.60371	25.58882	3.95448E-5	3.11935E-4	1.3943E-4
56954.65809	0.05143	1.67137	-57.5	5064.70393	25.76051	1.00209E-5	2.85557E-4	3.45969E-4
60554.6012	0.02552	1.67137	-57.5	5064.73358	25.81123	3.21028E-6	-1.65782E-4	-2.30659E-4
64154.54083	0.03694	1.67137	-57.5	5064.74481	25.82453	1.29821E-5	8.25749E-4	-4.75017E-4
78554.29591	0.03512	1.67137	-57.5	5064.74805	25.83288	6.76551E-14	0.00171	5.77727E-4
74954.35918	0.03302	1.67137	-57.5	5064.74951	25.83392	3.04628E-14	-5.15391E-5	1.16902E-4
67754.48138	0.03332	1.67137	-57.5	5064.74756	25.84084	3.27187E-8	-1.52278E-4	-3.8066E-4
71354.41907	0.03128	1.67137	-57.5	5064.74951	25.84188	3.04628E-14	6.89315E-4	-1.52573E-4
3004.98371	0.18922	1.67084	-55	5050.8807	-6.59928	3.4132E-4	6.40453E-5	0.00106
6605.05084	-0.03581	1.67084	-55	5051.72397	-4.96682	1.48223E-4	5.74139E-4	4.63353E-4
10204.98038	0.17677	1.67084	-55	5052.64037	-2.20723	4.55961E-4	1.66341E-5	2.66358E-4
13805.0578	0.03742	1.67084	-55	5053.73623	-0.13104	1.80777E-4	-2.39562E-4	2.96254E-5
17405.08082	-0.01221	1.67084	-55	5054.68552	2.64777	4.67867E-4	2.86768E-4	0.00152
21005.08667	-0.08588	1.67084	-55	5055.82058	4.83395	1.58812E-4	3.99693E-4	7.57244E-5
24605.0772	-0.07405	1.67085	-55	5056.80246	7.70764	4.72578E-4	-3.9019E-4	8.65158E-4
28204.96757	0.21457	1.67087	-55	5057.94424	9.86641	1.31058E-4	6.94909E-4	5.74482E-4
31804.98052	0.11471	1.6709	-55	5058.924	12.77856	4.92022E-4	0.00125	7.89767E-4
35404.93888	0.09896	1.67089	-55	5060.07662	14.96954	2.05137E-4	2.22935E-4	4.86695E-4
39004.98411	-0.15315	1.67088	-55	5061.02088	17.78561	4.81321E-4	8.76593E-4	0.00121
42604.89907	0.02803	1.67091	-55	5062.16309	19.93843	1.86656E-4	5.0033E-4	-6.23324E-5
46204.85842	-0.03908	1.67094	-55	5063.1496	22.87217	4.73087E-4	0.00147	0.00121
49804.81559	-0.07897	1.67093	-55	5064.26258	24.97582	1.13982E-4	0.00102	1.46834E-4
53404.73247	0.00171	1.67092	-55	5064.60609	25.58702	2.94001E-5	4.46753E-4	-1.71392E-4
57004.67143	0.00227	1.67092	-55	5064.7041	25.76145	-9.62185E-10	7.2469E-5	6.00678E-4
60604.61225	-0.0265	1.67092	-55	5064.73376	25.81455	6.42433E-6	-2.93733E-4	5.00056E-4
64204.55376	-0.01624	1.67092	-55	5064.74512	25.82134	9.02812E-9	9.14448E-4	-0.00121
78604.3096	-0.01424	1.67092	-55	5064.74805	25.83818	2.50087E-14	0.0024	6.92486E-4
75004.36927	-0.01508	1.67092	-55	5064.74951	25.84181	2.93107E-14	4.47969E-4	-6.66505E-5
67804.4974	-0.01856	1.67092	-55	5064.74756	25.84886	6.54786E-8	3.41138E-4	-5.96194E-4
71404.42958	-0.01977	1.67092	-55	5064.74951	25.85035	2.93107E-14	8.64456E-4	1.26019E-5
3055.00159	0.11624	1.67049	-52.5	5050.897	-6.55741	3.27829E-4	4.91503E-4	0.00129
6655.07705	-0.11094	1.67049	-52.5	5051.7311	-4.95922	1.44573E-4	5.10183E-4	3.29025E-4
10255.05011	-0.05385	1.67049	-52.5	5052.66231	-2.15285	4.48181E-4	6.26782E-4	4.09094E-4
13855.07446	-0.02276	1.67049	-52.5	5053.74478	-0.12243	1.69995E-4	2.19478E-5	-9.06054E-5
17455.09958	-0.08274	1.67049	-52.5	5054.70843	2.70006	4.65288E-4	0.00122	0.00144
21055.10017	-0.12882	1.67049	-52.5	5055.82921	4.84254	1.85368E-4	3.0223E-6	4.64619E-4
24655.08976	-0.11884	1.67049	-52.5	5056.82557	7.75586	4.68447E-4	2.19227E-4	8.72457E-4
28254.9799	0.16366	1.67052	-52.5	5057.953	9.88808	1.64497E-4	5.86229E-4	5.37026E-4
31854.9938	0.05315	1.67055	-52.5	5058.94827	12.83506	4.76963E-4	8.22593E-4	7.18637E-4
35454.9577	0.04204	1.67055	-52.5	5060.08533	14.97939	1.87805E-4	2.0845E-4	6.07625E-4
39054.99082	-0.16832	1.67054	-52.5	5061.04521	17.83979	4.8921E-4	0.00109	8.21777E-4
42654.91724	-0.0578	1.67056	-52.5	5062.17172	19.94615	1.61572E-4	1.84432E-4	3.9427E-4
46254.87077	-0.07362	1.67058	-52.5	5063.17416	22.92805	4.76259E-4	0.00105	9.68198E-4
49854.82402	-0.12123	1.67057	-52.5	5064.27099	24.97802	1.26571E-4	2.36241E-4	4.81028E-4
53454.74353	-0.06251	1.67056	-52.5	5064.60867	25.58532	4.6913E-5	6.09461E-4	-1.55798E-4
57054.68162	-0.05435	1.67056	-52.5	5064.70469	25.75751	6.42555E-6	5.51207E-5	4.25023E-4
60654.62656	-0.07655	1.67056	-52.5	5064.73407	25.81069	3.21459E-6	5.91623E-5	6.94552E-4
64254.56897	-0.06642	1.67056	-52.5	5064.74512	25.82017	1.04749E-13	1.42377E-4	-8.29732E-4
78654.32198	-0.07235	1.67056	-52.5	5064.74805	25.829	6.75966E-14	7.40384E-4	2.60618E-4
75054.38298	-0.07813	1.67056	-52.5	5064.74951	25.83548	3.04613E-14	1.83128E-4	1.42344E-4
71454.44172	-0.07341	1.67056	-52.5	5064.74951	25.83879	3.04613E-14	3.98069E-4	-3.09259E-4
67854.50663	-0.07208	1.67056	-52.5	5064.7478	25.84129	3.27622E-8	-2.15064E-4	-3.10029E-4
3105.01951	0.04314	1.67014	-50	5050.9133	-6.51553	3.1429E-4	9.19739E-4	0.00152
6705.10325	-0.18605	1.67014	-50	5051.73823	-4.95162	1.40932E-4	4.46581E-4	1.94452E-4
10305.11991	-0.28462	1.67014	-50	5052.68426	-2.09846	4.40351E-4	0.00124	5.53117E-4
13905.09114	-0.08295	1.67014	-50	5053.75332	-0.11383	1.59229E-4	2.83657E-4	-2.11023E-4
17505.11834	-0.15329	1.67014	-50	5054.73134	2.75236	4.62702E-4	0.00216	0.00135
21105.11367	-0.17177	1.67014	-50	5055.83784	4.85113	2.11941E-4	-3.93747E-4	8.53691E-4
24705.10233	-0.16362	1.67015	-50	5056.84868	7.80407	4.64309E-4	8.2926E-4	8.79816E-4
28304.99223	0.11274	1.67018	-50	5057.96175	9.90976	1.98062E-4	4.77127E-4	4.99618E-4
31905.00706	-0.00835	1.67022	-50	5058.97253	12.89156	4.61864E-4	3.91834E-4	6.46955E-4
35504.97653	-0.01488	1.67022	-50	5060.09404	14.98924	1.70408E-4	1.94615E-4	7.28542E-4
39104.99753	-0.1835	1.67023	-50	5061.06954	17.89396	4.97089E-4	0.0013	4.36523E-4
42704.93542	-0.14369	1.67023	-50	5062.18034	19.95385	1.36478E-4	-1.3176E-4	8.51373E-4
46304.88313	-0.10816	1.67024	-50	5063.19871	22.98394	4.79442E-4	6.35571E-4	7.22331E-4
49904.83246	-0.16348	1.67023	-50	5064.2794	24.98022	1.39173E-4	-5.45971E-4	8.15221E-4
53504.75459	-0.12675	1.67022	-50	5064.61126	25.58362	6.44461E-5	7.72191E-4	-1.39967E-4
57104.69181	-0.11097	1.67022	-50	5064.70528	25.75357	1.28643E-5	3.79185E-5	2.49046E-4
60704.64087	-0.1266	1.67022	-50	5064.73437	25.80683	1.78558E-10	4.12408E-4	8.88657E-4
64304.58418	-0.11659	1.67022	-50	5064.74512	25.81901	1.07081E-13	-6.30284E-4	-4.44089E-4
78704.33436	-0.13045	1.67022	-50	5064.74805	25.8198	1.10242E-13	-9.22536E-4	-1.71617E-4
71504.45386	-0.12706	1.67022	-50	5064.74951	25.82721	3.16135E-14	-6.87523E-5	-6.31449E-4
75104.3967	-0.1412	1.67022	-50	5064.74951	25.82914	3.16136E-14	-8.22326E-5	3.51606E-4
67904.51586	-0.1256	1.67022	-50	5064.74805	25.83371	5.01733E-12	-7.71918E-4	-2.35514E-5
3155.04	-0.02389	1.66993	-47.5	5050.92915	-6.48317	3.01998E-4	0.00112	9.33011E-4
6755.12463	-0.27028	1.66993	-47.5	5051.74509	-4.93889	1.35971E-4	3.57759E-4	3.52026E-4
10355.17288	-0.41721	1.66993	-47.5	5052.70587	-2.05998	4.36726E-4	0.00115	6.11363E-4
13955.10879	-0.14134	1.66993	-47.5	5053.76191	-0.09985	1.64835E-4	3.58361E-4	1.96995E-4
17555.13999	-0.2244	1.66993	-47.5	5054.7535	2.80179	4.52233E-4	0.00162	0.0011
21155.12939	-0.22975	1.66993	-47.5	5055.84697	4.8737	2.08775E-4	1.99815E-4	0.00102
24755.12005	-0.22304	1.66993	-47.5	5056.87171	7.84445	4.46195E-4	0.00155	4.37142E-4
28355.01044	0.05314	1.66995	-47.5	5057.97041	9.92111	1.72303E-4	-3.38163E-4	1.48777E-4
31955.02272	-0.06387	1.66996	-47.5	5058.99622	12.92855	4.67404E-4	7.04548E-4	2.71077E-4
35554.99608	-0.07484	1.66998	-47.5	5060.10311	15.00862	1.59283E-4	8.77117E-4	5.91116E-4
39155.00533	-0.21069	1.67	-47.5	5061.09358	17.94172	4.77391E-4	7.29108E-4	6.50322E-4
42754.96324	-0.22009	1.67001	-47.5	5062.18864	19.96533	1.58171E-4	-3.3038E-4	6.75166E-5
46354.87988	-0.11869	1.67002	-47.5	5063.22285	23.03841	4.79429E-4	9.42691E-4	8.40963E-4
49954.84247	-0.20099	1.67001	-47.5	5064.28675	24.99465	1.53187E-4	-2.57598E-4	4.83754E-4
53554.77212	-0.17976	1.67001	-47.5	5064.61347	25.59216	5.48818E-5	2.80958E-4	-5.4487E-4
57154.70798	-0.16553	1.67	-47.5	5064.70632	25.75868	1.39522E-5	-6.91309E-5	4.33854E-4
60754.65291	-0.1852	1.67	-47.5	5064.73456	25.80682	6.42073E-6	0.00102	4.21844E-4
64354.59624	-0.17783	1.67	-47.5	5064.74512	25.82328	1.04749E-13	-5.8281E-4	4.36398E-4
71554.47226	-0.18108	1.67	-47.5	5064.74951	25.82819	3.16136E-14	-9.17543E-4	-4.15777E-4
78754.35131	-0.18273	1.67	-47.5	5064.74805	25.83025	1.10245E-13	5.51779E-7	-3.40241E-4
75154.41281	-0.18818	1.67	-47.5	5064.74951	25.83241	3.16136E-14	-1.38276E-4	-1.61661E-4
67954.53172	-0.18135	1.67	-47.5	5064.74805	25.83742	6.76217E-14	-2.09758E-4	1.49442E-4
3205.06049	-0.0909	1.66974	-45	5050.945	-6.45084	2.89709E-4	0.00133	3.41896E-4
6805.14601	-0.35452	1.66974	-45	5051.75194	-4.92615	1.30996E-4	2.69217E-4	5.09072E-4
10405.22577	-0.54957	1.66974	-45	5052.72747	-2.02148	4.33101E-4	0.00107	6.69839E-4
14005.12644	-0.19973	1.66974	-45	5053.7705	-0.08586	1.70447E-4	4.3298E-4	6.05273E-4
17605.16164	-0.29551	1.66974	-45	5054.77566	2.85121	4.41782E-4	0.00109	8.43075E-4
21205.14513	-0.28772	1.66974	-45	5055.8561	4.89625	2.05599E-4	7.92616E-4	0.00118
24805.13776	-0.28243	1.66973	-45	5056.89473	7.88484	4.28106E-4	0.00226	-4.97995E-6
28405.02865	-0.00646	1.66973	-45	5057.97906	9.93244	1.46441E-4	-0.00115	-2.02611E-4
32005.03838	-0.11937	1.66973	-45	5059.0199	12.96553	4.72962E-4	0.00102	-1.05088E-4
35605.01562	-0.1348	1.66976	-45	5060.11218	15.02801	1.48163E-4	0.00156	4.5347E-4
39205.01312	-0.23786	1.6698	-45	5061.11762	17.98947	4.57709E-4	1.56008E-4	8.64039E-4
42804.99106	-0.29649	1.66982	-45	5062.19694	19.97681	1.7984E-4	-5.28303E-4	-7.15359E-4
46404.87663	-0.12921	1.66984	-45	5063.247	23.09288	4.79416E-4	0.00125	9.59637E-4
50004.85248	-0.2385	1.66982	-45	5064.29409	25.00908	1.6719E-4	3.05564E-5	1.5233E-4
53604.78965	-0.23276	1.66982	-45	5064.61569	25.6007	4.53211E-5	-2.10264E-4	-9.49305E-4
57204.72415	-0.22008	1.66982	-45	5064.70737	25.76378	1.50389E-5	-1.76155E-4	6.18509E-4
60804.66495	-0.2438	1.66982	-45	5064.73474	25.8068	1.28351E-5	0.00162	-4.45759E-5
64404.60831	-0.23905	1.66981	-45	5064.74512	25.82754	1.02418E-13	-5.35241E-4	0.00132
71604.49067	-0.23511	1.66981	-45	5064.74951	25.82917	3.16136E-14	-0.00177	-1.99974E-4
75204.42893	-0.23516	1.66981	-45	5064.74951	25.83569	3.16136E-14	-1.94087E-4	-6.74372E-4
78804.36826	-0.23501	1.66981	-45	5064.74805	25.8407	1.10245E-13	9.22619E-4	-5.08974E-4
68004.54757	-0.23711	1.66981	-45	5064.74805	25.84112	1.10245E-13	3.52429E-4	3.22195E-4
3255.08325	-0.15595	1.66963	-42.5	5050.96116	-6.41231	3.0644E-4	6.31543E-4	5.7074E-4
6855.17892	-0.44693	1.66963	-42.5	5051.75855	-4.91394	1.11187E-4	4.83188E-4	9.4411E-5
10455.24303	-0.57943	1.66963	-42.5	5052.74883	-1.97557	4.29992E-4	0.00118	8.26781E-4
14055.14815	-0.26774	1.66963	-42.5	5053.77852	-0.05761	1.614E-4	6.74841E-4	6.93047E-4
17655.18358	-0.36502	1.66963	-42.5	5054.79749	2.89223	4.52417E-4	7.52141E-4	8.08039E-4
21255.16336	-0.33931	1.66963	-42.5	5055.86427	4.90678	1.88788E-4	3.16984E-4	7.95054E-4
24855.15376	-0.29171	1.66963	-42.5	5056.91714	7.93595	4.42362E-4	8.46594E-4	2.72241E-4
28455.05056	-0.07274	1.66964	-42.5	5057.9874	9.95005	1.51746E-4	-3.02127E-4	3.72946E-4
32055.06091	-0.19596	1.66964	-42.5	5059.04334	13.01949	4.56959E-4	0.00104	3.83737E-4
35655.03879	-0.2074	1.66966	-42.5	5060.1203	15.03553	1.56228E-4	0.00171	5.87175E-4
39255.02013	-0.24892	1.66969	-42.5	5061.14149	18.03872	4.62628E-4	6.6552E-4	9.55959E-4
42855.01454	-0.38053	1.66972	-42.5	5062.20468	19.99471	1.75391E-4	-6.54419E-5	-4.6961E-4
46454.89764	-0.19235	1.66975	-42.5	5063.27109	23.13651	4.57013E-4	0.00133	7.27024E-4
50054.86489	-0.27786	1.66974	-42.5	5064.3022	25.02208	1.66393E-4	-7.20283E-6	-1.13165E-4
53654.81003	-0.29467	1.66973	-42.5	5064.61771	25.60311	4.5328E-5	-5.96531E-4	-5.38288E-4
57254.74542	-0.28003	1.66973	-42.5	5064.70786	25.76241	1.62639E-5	-1.91334E-4	3.32824E-4
60854.68751	-0.30327	1.66973	-42.5	5064.73505	25.80971	6.41295E-6	7.18796E-4	3.03088E-4
64454.62669	-0.29747	1.66973	-42.5	5064.74512	25.82539	1.02418E-13	-3.27837E-4	1.79727E-4
71654.50859	-0.29499	1.66973	-42.5	5064.74951	25.83136	3.16136E-14	-8.16755E-4	1.43736E-4
78854.39047	-0.29517	1.66973	-42.5	5064.74805	25.83603	1.10245E-13	-1.87576E-4	-8.91962E-4
68054.56786	-0.2999	1.66973	-42.5	5064.74805	25.83743	1.10245E-13	6.68423E-4	1.12973E-4
75254.45014	-0.29383	1.66973	-42.5	5064.74951	25.84197	3.16136E-14	1.17149E-4	-2.40213E-4
3305.10601	-0.22099	1.66954	-40	5050.97731	-6.37378	3.23181E-4	-6.51294E-5	7.99863E-4
6905.21182	-0.53933	1.66954	-40	5051.76516	-4.90175	9.14742E-5	6.96686E-4	-3.18804E-4
10505.26023	-0.60923	1.66954	-40	5052.77019	-1.92967	4.26859E-4	0.00129	9.84446E-4
14105.16986	-0.33573	1.66954	-40	5053.78654	-0.02937	1.52359E-4	9.15713E-4	7.805E-4
17705.20553	-0.43453	1.66954	-40	5054.81933	2.93326	4.62994E-4	4.2024E-4	7.72853E-4
21305.1816	-0.3909	1.66954	-40	5055.87245	4.9173	1.7199E-4	-1.57861E-4	4.11918E-4
24905.16975	-0.30106	1.66955	-40	5056.93954	7.98705	4.56578E-4	-5.66996E-4	5.49697E-4
28505.07247	-0.13903	1.66957	-40	5057.99573	9.96767	1.57082E-4	5.52125E-4	9.49443E-4
32105.08343	-0.27255	1.66959	-40	5059.06678	13.07344	4.40972E-4	0.00107	8.72564E-4
35705.06197	-0.28001	1.6696	-40	5060.12842	15.04305	1.64285E-4	0.00186	7.20689E-4
39305.02714	-0.26001	1.66961	-40	5061.16535	18.08798	4.67549E-4	0.00117	0.00105
42905.03802	-0.46457	1.66965	-40	5062.21242	20.0126	1.70945E-4	3.96338E-4	-2.24186E-4
46504.91865	-0.25548	1.66969	-40	5063.29519	23.18014	4.34629E-4	0.00141	4.9514E-4
50104.8773	-0.31721	1.66968	-40	5064.3103	25.03508	1.65601E-4	-4.53992E-5	-3.77452E-4
53704.83039	-0.35656	1.66968	-40	5064.61974	25.60553	4.53396E-5	-9.81094E-4	-1.27375E-4
57304.76669	-0.33997	1.66968	-40	5064.70835	25.76103	1.74871E-5	-2.06188E-4	4.79963E-5
60904.71006	-0.36272	1.66968	-40	5064.73535	25.81262	8.65108E-9	-1.77607E-4	6.49535E-4
64504.64509	-0.35589	1.66968	-40	5064.74512	25.82326	1.02369E-13	-1.20109E-4	-9.54552E-4
78904.41268	-0.35533	1.66968	-40	5064.74805	25.83137	1.10245E-13	-0.0013	-0.00127
71704.52653	-0.35487	1.66968	-40	5064.74951	25.83354	3.16136E-14	1.29895E-4	4.87175E-4
68104.58815	-0.36266	1.66968	-40	5064.74805	25.83374	1.10245E-13	9.82858E-4	-9.53742E-5
75304.47135	-0.35251	1.66968	-40	5064.74951	25.84824	-9.263E-9	4.274E-4	1.93501E-4
3355.12557	-0.25781	1.66959	-37.5	5050.99274	-6.34874	3.15069E-4	5.63642E-4	3.92634E-4
6955.2435	-0.62836	1.66959	-37.5	5051.77113	-4.89712	1.14837E-4	6.99823E-4	-8.75378E-5
10555.26251	-0.61566	1.66959	-37.5	5052.79123	-1.88991	4.15696E-4	0.00108	0.00138
14155.19698	-0.39576	1.66959	-37.5	5053.79474	-0.02555	1.49185E-4	1.72896E-4	5.48825E-4
17755.23134	-0.49778	1.66959	-37.5	5054.84141	2.97947	4.39886E-4	6.74538E-4	6.50759E-4
21355.20132	-0.43958	1.66959	-37.5	5055.88089	4.92992	1.64252E-4	-8.80259E-5	3.96884E-4
24955.17864	-0.35294	1.6696	-37.5	5056.96146	8.03256	4.42291E-4	8.60427E-4	9.94083E-4
28555.09897	-0.20919	1.66961	-37.5	5058.00382	9.9836	1.55958E-4	5.32799E-4	4.53938E-4
32155.11097	-0.34272	1.66963	-37.5	5059.08948	13.10709	4.54217E-4	0.00118	0.00109
35755.08694	-0.34587	1.66964	-37.5	5060.13666	15.06623	1.60798E-4	8.89124E-4	6.07106E-4
39355.03787	-0.31366	1.66966	-37.5	5061.18846	18.13748	4.74216E-4	9.42585E-4	0.00158
42955.06405	-0.5465	1.66968	-37.5	5062.22037	20.02749	1.68169E-4	3.39447E-4	-1.35184E-4
46554.93674	-0.30731	1.66972	-37.5	5063.31863	23.23146	4.41819E-4	0.00196	0.00124
50154.89142	-0.35825	1.66972	-37.5	5064.31773	25.05067	1.69108E-4	-4.57454E-4	3.9209E-4
53754.84856	-0.41083	1.66972	-37.5	5064.62174	25.61068	4.86286E-5	-1.76712E-4	2.10541E-4
57354.78568	-0.39926	1.66972	-37.5	5064.70905	25.76139	1.74E-5	1.76991E-5	3.93343E-4
60954.72887	-0.41127	1.66972	-37.5	5064.73541	25.81371	6.06687E-6	3.40156E-4	1.44748E-4
78954.4322	-0.41283	1.66972	-37.5	5064.74805	25.8281	1.10245E-13	-9.12775E-4	-8.90761E-4
64554.67036	-0.41433	1.66972	-37.5	5064.74536	25.83206	6.57273E-14	3.31037E-4	-8.26984E-4
71754.55113	-0.40879	1.66972	-37.5	5064.74951	25.8328	3.16136E-14	-2.45674E-4	6.31185E-4
68154.60923	-0.41227	1.66972	-37.5	5064.74805	25.83298	1.10245E-13	1.80092E-4	3.23727E-4
75354.49084	-0.41636	1.66973	-37.5	5064.74908	25.84797	-6.35317E-6	6.34308E-5	3.2357E-4
3405.14512	-0.29461	1.66966	-35	5051.00816	-6.32369	3.0697E-4	0.00119	-1.39428E-5
7005.27519	-0.71744	1.66966	-35	5051.7771	-4.89243	1.38115E-4	7.02449E-4	1.4234E-4
10605.26479	-0.62208	1.66966	-35	5052.81226	-1.85015	4.04571E-4	8.78226E-4	0.00178
14205.22408	-0.4558	1.66966	-35	5053.80293	-0.0217	1.4602E-4	-5.66464E-4	3.17838E-4
17805.25714	-0.56104	1.66966	-35	5054.86348	3.02567	4.16846E-4	9.27669E-4	5.29229E-4
21405.22104	-0.48827	1.66966	-35	5055.88932	4.94255	1.56548E-4	-1.83865E-5	3.81526E-4
25005.18755	-0.40484	1.66966	-35	5056.98337	8.07807	4.28028E-4	0.00228	0.00144
28605.12546	-0.27935	1.66967	-35	5058.0119	9.99953	1.54841E-4	5.13447E-4	-4.11719E-5
32205.1385	-0.41285	1.66969	-35	5059.11219	13.14078	4.67407E-4	0.0013	0.0013
35805.11191	-0.41175	1.6697	-35	5060.14489	15.08939	1.57261E-4	-7.9355E-5	4.93763E-4
39405.04863	-0.36732	1.66973	-35	5061.21156	18.18695	4.80832E-4	7.12054E-4	0.0021
43005.09009	-0.6284	1.66974	-35	5062.22832	20.0424	1.65408E-4	2.83072E-4	-4.64098E-5
46604.95483	-0.35909	1.66976	-35	5063.34208	23.28275	4.48992E-4	0.00251	0.00199
50204.90555	-0.39929	1.66979	-35	5064.32516	25.06625	1.72591E-4	-8.6811E-4	0.00116
53804.86674	-0.46513	1.6698	-35	5064.62374	25.61581	5.18766E-5	6.25242E-4	5.47139E-4
57404.80467	-0.45855	1.6698	-35	5064.70974	25.76175	1.72947E-5	2.40737E-4	7.37211E-4
61004.74768	-0.45984	1.6698	-35	5064.73546	25.81479	1.2113E-5	8.55443E-4	-3.58432E-4
79004.45174	-0.47032	1.6698	-35	5064.74805	25.82483	1.10245E-13	-5.29303E-4	-5.07383E-4
71804.57572	-0.46273	1.6698	-35	5064.74951	25.83205	3.16136E-14	-6.20728E-4	7.7404E-4
68204.63032	-0.46191	1.6698	-35	5064.74805	25.83223	1.10245E-13	-6.20614E-4	7.41696E-4
64604.69562	-0.47277	1.6698	-35	5064.74561	25.84084	2.91711E-14	7.80135E-4	-6.99734E-4
75404.51034	-0.48018	1.6698	-35	5064.74865	25.8477	-1.26687E-5	-3.02127E-4	4.53391E-4
3455.15149	-0.30575	1.66983	-32.5	5051.02353	-6.28828	3.0972E-4	0.00105	1.7009E-4
7055.31337	-0.81716	1.66983	-32.5	5051.78339	-4.87281	1.37096E-4	5.5999E-4	-2.25342E-5
10655.26963	-0.62538	1.66983	-32.5	5052.83275	-1.81024	4.05797E-4	7.6225E-4	0.00121
14255.248	-0.52221	1.66983	-32.5	5053.81027	-0.00131	1.46689E-4	3.47082E-4	4.16561E-4
17855.28129	-0.62457	1.66983	-32.5	5054.88465	3.07036	4.18456E-4	7.57137E-4	6.12407E-4
21455.24159	-0.54064	1.66983	-32.5	5055.89687	4.95906	1.64233E-4	-3.6508E-5	2.21257E-4
25055.208	-0.46265	1.66983	-32.5	5057.00505	8.11698	4.27556E-4	0.00179	0.00113
28655.15036	-0.34573	1.66983	-32.5	5058.01947	10.01065	1.62469E-4	5.97964E-4	5.18826E-5
32255.16119	-0.45861	1.66983	-32.5	5059.13448	13.18873	4.49962E-4	0.00126	0.00119
35855.13661	-0.4813	1.66986	-32.5	5060.15294	15.09992	1.26937E-4	-5.30135E-4	5.09979E-4
39455.07882	-0.42894	1.66989	-32.5	5061.23399	18.21629	4.50247E-4	0.00135	8.23342E-4
43055.12021	-0.70476	1.66989	-32.5	5062.23564	20.05966	1.66819E-4	3.8675E-4	-2.77449E-5
46654.96524	-0.37121	1.66991	-32.5	5063.36501	23.3219	4.45775E-4	0.00194	0.00127
50254.92301	-0.43968	1.66994	-32.5	5064.33201	25.08264	1.61654E-4	-4.7324E-4	9.46898E-4
53854.89255	-0.52846	1.66995	-32.5	5064.6258	25.6156	3.61834E-5	3.04687E-4	2.74522E-4
57454.82587	-0.51379	1.66996	-32.5	5064.71034	25.76152	8.63452E-6	6.36052E-5	3.83847E-4
61054.76877	-0.52091	1.66996	-32.5	5064.73583	25.81328	1.26113E-5	2.37634E-4	-1.26681E-4
79054.47466	-0.52808	1.66996	-32.5	5064.74805	25.82861	1.10245E-13	1.61347E-4	2.02777E-5
71854.59693	-0.52245	1.66996	-32.5	5064.74951	25.8328	3.16136E-14	-7.76874E-4	4.25764E-4
64654.71483	-0.53228	1.66996	-32.5	5064.74561	25.83481	2.91711E-14	3.56451E-4	-7.07763E-4
68254.6533	-0.52253	1.66996	-32.5	5064.74805	25.83974	1.10245E-13	-5.023E-4	6.54856E-4
75454.53225	-0.53008	1.66996	-32.5	5064.74859	25.84505	-6.32445E-6	-0.00138	4.72431E-4
3505.15786	-0.31685	1.67002	-30	5051.0389	-6.25288	3.1247E-4	9.15788E-4	3.53749E-4
7105.35152	-0.91676	1.67002	-30	5051.78967	-4.85325	1.35978E-4	4.1993E-4	-1.86863E-4
10705.27451	-0.6288	1.67002	-30	5052.85325	-1.77033	4.07045E-4	6.47386E-4	6.41136E-4
14305.27191	-0.58862	1.67002	-30	5053.81761	0.01904	1.47343E-4	0.00126	5.14847E-4
17905.30546	-0.68821	1.67002	-30	5054.90581	3.11504	4.2005E-4	5.8776E-4	6.95082E-4
21505.26215	-0.59298	1.67002	-30	5055.90441	4.97556	1.71928E-4	-5.51818E-5	6.14709E-5
25105.22846	-0.52043	1.67001	-30	5057.02674	8.1559	4.27085E-4	0.0013	8.18897E-4
28705.17527	-0.4121	1.67001	-30	5058.02704	10.02177	1.70076E-4	6.82144E-4	1.45371E-4
32305.18387	-0.50445	1.67	-30	5059.15677	13.23669	4.32572E-4	0.00123	0.00107
35905.16132	-0.55085	1.67003	-30	5060.16099	15.11047	9.68029E-5	-9.78956E-4	5.26337E-4
39505.109	-0.49055	1.67006	-30	5061.25642	18.24566	4.19725E-4	0.00198	-4.51484E-4
43105.15031	-0.78109	1.67007	-30	5062.24295	20.07692	1.68234E-4	4.90179E-4	-9.8415E-6
46704.97568	-0.38352	1.67009	-30	5063.38794	23.36103	4.42551E-4	0.00136	5.44511E-4
50304.94048	-0.48008	1.67012	-30	5064.33886	25.09902	1.50717E-4	-8.12779E-5	7.33862E-4
53904.91833	-0.59175	1.67013	-30	5064.62786	25.61541	2.05872E-5	-1.48225E-5	2.56832E-6
57504.84708	-0.56903	1.67013	-30	5064.71094	25.76132	2.88687E-8	-1.13068E-4	3.12871E-5
61104.78987	-0.58198	1.67014	-30	5064.73621	25.81177	1.30884E-5	-3.77772E-4	1.05273E-4
64704.73405	-0.59175	1.67014	-30	5064.74561	25.82877	2.91711E-14	-6.77135E-5	-7.14928E-4
79104.49756	-0.58583	1.67014	-30	5064.74805	25.83236	1.10245E-13	8.49776E-4	5.46939E-4
71904.61813	-0.58217	1.67014	-30	5064.74951	25.83359	3.16136E-14	-9.30557E-4	7.87489E-5
75504.55415	-0.58	1.67014	-30	5064.74854	25.84239	2.44871E-14	-0.00244	4.91047E-4
68304.67627	-0.58313	1.67014	-30	5064.74805	25.84723	1.10245E-13	-3.84931E-4	5.68534E-4
3555.16119	-0.30247	1.67029	-27.5	5051.05414	-6.22778	3.14497E-4	9.7364E-4	2.62974E-4
7155.38284	-0.99166	1.67029	-27.5	5051.79542	-4.84479	1.15086E-4	7.54213E-4	-2.43179E-4
10755.29134	-0.66691	1.67029	-27.5	5052.87357	-1.72716	4.15053E-4	8.68652E-4	5.17587E-4
14355.29651	-0.65347	1.67029	-27.5	5053.82538	0.02626	1.43016E-4	0.00127	4.70036E-4
17955.33431	-0.78077	1.67029	-27.5	5054.92692	3.15872	4.17347E-4	7.27934E-4	6.43071E-4
21555.28373	-0.63857	1.67029	-27.5	5055.91231	4.98848	1.8285E-4	-2.54277E-4	5.94291E-5
25155.25145	-0.56942	1.67028	-27.5	5057.04795	8.19598	4.27203E-4	8.5492E-4	0.00107
28755.2042	-0.48096	1.67027	-27.5	5058.03521	10.03467	1.6728E-4	5.90714E-4	4.64711E-4
32355.20757	-0.57586	1.67026	-27.5	5059.17844	13.28275	4.35935E-4	0.00109	8.12028E-4
35955.18569	-0.61835	1.67028	-27.5	5060.16882	15.12634	1.33585E-4	-7.40557E-4	5.92154E-4
39555.13298	-0.55037	1.67031	-27.5	5061.27837	18.28502	4.1345E-4	0.00125	7.98188E-4
43155.17495	-0.85411	1.67032	-27.5	5062.25023	20.09506	1.70566E-4	5.37555E-4	-1.63332E-4
46754.99695	-0.49154	1.67035	-27.5	5063.41018	23.39444	4.35525E-4	7.80412E-4	4.0055E-4
50354.96084	-0.52541	1.67039	-27.5	5064.34598	25.11644	1.39466E-4	-8.82622E-4	5.19232E-4
53954.93497	-0.64458	1.6704	-27.5	5064.62984	25.61803	3.52964E-5	-7.7552E-6	-6.1977E-5
57554.8686	-0.62797	1.6704	-27.5	5064.71155	25.77002	9.76213E-6	-1.35517E-4	-5.14005E-5
61154.81423	-0.63847	1.6704	-27.5	5064.73627	25.8086	6.53108E-6	-2.00469E-4	4.04014E-4
64754.75597	-0.64026	1.6704	-27.5	5064.74561	25.81859	2.91711E-14	-6.45853E-4	-4.45283E-4
79154.51262	-0.64239	1.6704	-27.5	5064.74805	25.82988	1.10245E-13	8.4315E-4	7.61032E-4
75554.57201	-0.63539	1.6704	-27.5	5064.74854	25.83772	1.77259E-14	-0.00114	3.73928E-4
71954.63881	-0.64004	1.6704	-27.5	5064.74951	25.84533	3.16136E-14	-3.15418E-4	1.24938E-4
68354.69713	-0.63754	1.6704	-27.5	5064.74805	25.8467	1.10245E-13	-5.6591E-4	6.46311E-4
3605.16451	-0.28816	1.67057	-25	5051.06939	-6.20267	3.16508E-4	0.00103	1.72267E-4
7205.41413	-1.06642	1.67057	-25	5051.80117	-4.8363	9.44168E-5	0.00108	-2.98445E-4
10805.30827	-0.70532	1.67057	-25	5052.89389	-1.68401	4.22997E-4	0.00109	3.9769E-4
14405.32111	-0.71823	1.67057	-25	5053.83315	0.03352	1.38644E-4	0.00128	4.23937E-4
18005.36314	-0.87314	1.67057	-25	5054.94803	3.20242	4.1469E-4	8.68238E-4	5.91264E-4
21605.3053	-0.68416	1.67057	-25	5055.9202	5.00139	1.93679E-4	-4.52576E-4	5.64906E-5
25205.27443	-0.61843	1.67056	-25	5057.06917	8.23607	4.27256E-4	4.10738E-4	0.00133
28805.23313	-0.54984	1.67055	-25	5058.04338	10.04757	1.64529E-4	4.98607E-4	7.82223E-4
32405.23128	-0.6473	1.67054	-25	5059.20011	13.32877	4.39272E-4	9.63918E-4	5.55002E-4
36005.21006	-0.68583	1.67055	-25	5060.17665	15.14216	1.70137E-4	-5.03999E-4	6.57521E-4
39605.15694	-0.61017	1.67057	-25	5061.30033	18.3244	4.07191E-4	5.31829E-4	0.00204
43205.1996	-0.92711	1.67059	-25	5062.25751	20.11317	1.72862E-4	5.84088E-4	-3.20587E-4
46805.01826	-0.59941	1.67064	-25	5063.43242	23.42787	4.28534E-4	1.97871E-4	2.57538E-4
50404.98116	-0.57073	1.67067	-25	5064.3531	25.13385	1.28234E-4	-0.00168	3.05855E-4
54004.9516	-0.69739	1.67068	-25	5064.63181	25.62066	4.98888E-5	-1.95872E-6	-1.25455E-4
57604.89011	-0.68686	1.67068	-25	5064.71216	25.77867	1.94524E-5	-1.59238E-4	-1.33067E-4
61204.83855	-0.69494	1.67068	-25	5064.73633	25.80547	4.98855E-14	-2.44948E-5	7.00899E-4
64804.77786	-0.68879	1.67068	-25	5064.74561	25.8085	2.69353E-8	-0.00122	-1.76673E-4
79204.5277	-0.69894	1.67068	-25	5064.74805	25.82744	1.10245E-13	8.36492E-4	9.7413E-4
75604.58988	-0.69077	1.67069	-25	5064.74854	25.83306	1.10178E-14	1.53915E-4	2.56457E-4
68404.71797	-0.69196	1.67069	-25	5064.74805	25.84614	1.10245E-13	-7.45341E-4	7.21456E-4
72004.65946	-0.69788	1.67069	-25	5064.74951	25.85699	3.16136E-14	2.97654E-4	1.71503E-4
3655.16835	-0.31536	1.67092	-22.5	5051.08435	-6.16472	3.08193E-4	5.74812E-4	1.26198E-4
7255.44106	-1.11774	1.67092	-22.5	5051.80756	-4.82385	1.0944E-4	5.0778E-4	-1.85015E-4
10855.34918	-0.82073	1.67092	-22.5	5052.91383	-1.64367	4.15052E-4	5.32894E-4	0.00119
14455.34477	-0.76477	1.67092	-22.5	5053.8405	0.05012	1.23459E-4	3.70904E-4	5.91716E-5
18055.38752	-0.92592	1.67092	-22.5	5054.96876	3.2493	4.21647E-4	0.00103	5.81195E-4
21655.32338	-0.7297	1.67092	-22.5	5055.92721	5.01177	1.81074E-4	-4.48173E-4	-1.74631E-4
25255.29394	-0.67544	1.67091	-22.5	5057.08985	8.27953	4.08479E-4	7.20887E-4	0.00118
28855.25968	-0.62671	1.67089	-22.5	5058.05015	10.0633	1.7657E-4	1.86715E-4	5.07086E-4
32455.25773	-0.72727	1.67087	-22.5	5059.22138	13.36316	4.35452E-4	0.00124	8.04484E-4
36055.23398	-0.74849	1.67088	-22.5	5060.18423	15.1461	1.46676E-4	-7.48366E-4	6.055E-4
39655.17327	-0.66714	1.6709	-22.5	5061.3216	18.37128	4.05215E-4	6.96456E-4	0.001
43255.22801	-0.99578	1.67092	-22.5	5062.26484	20.12429	1.68637E-4	4.75666E-4	-0.00117
46855.05106	-0.65386	1.67097	-22.5	5063.45415	23.47134	4.34208E-4	3.11308E-4	4.5447E-4
50454.99103	-0.61385	1.671	-22.5	5064.35941	25.14798	1.2272E-4	-8.13315E-4	4.7755E-4
54054.9663	-0.74493	1.67101	-22.5	5064.63387	25.62612	3.42821E-5	-3.24543E-4	8.68356E-5
57654.90645	-0.73473	1.67101	-22.5	5064.71287	25.77533	1.82385E-5	-5.05495E-4	4.42444E-5
61254.85336	-0.74499	1.67101	-22.5	5064.73657	25.81115	5.20791E-14	-1.79848E-4	5.35172E-4
64854.79171	-0.7418	1.67101	-22.5	5064.74567	25.81962	6.78602E-6	-5.69054E-4	-1.66785E-4
75654.60978	-0.74318	1.67101	-22.5	5064.74854	25.82981	1.77793E-14	5.1183E-4	4.97883E-5
79254.54626	-0.75239	1.67101	-22.5	5064.74805	25.83747	1.10245E-13	8.22076E-4	9.38666E-4
68454.73354	-0.7477	1.67101	-22.5	5064.74805	25.8377	1.10245E-13	-5.38136E-4	1.39294E-4
72054.67413	-0.74811	1.67101	-22.5	5064.74951	25.85071	3.16136E-14	3.98515E-4	3.11446E-4
3705.1722	-0.34246	1.67127	-20	5051.09931	-6.12678	2.99875E-4	1.20306E-4	8.08491E-5
7305.46793	-1.16901	1.67127	-20	5051.81394	-4.81141	1.24157E-4	-6.54366E-5	-7.29639E-5
10905.39	-0.936	1.67127	-20	5052.93377	-1.60333	4.07184E-4	-1.60942E-5	0.00199
14505.3683	-0.8111	1.67127	-20	5053.84785	0.06668	1.08376E-4	-5.31486E-4	-3.02991E-4
18105.41186	-0.97861	1.67127	-20	5054.98949	3.29614	4.28431E-4	0.0012	5.72459E-4
21705.34143	-0.77521	1.67127	-20	5055.93422	5.02217	1.68511E-4	-4.41344E-4	-4.02341E-4
25305.31346	-0.73242	1.67126	-20	5057.11054	8.32298	3.89853E-4	0.00103	0.00104
28905.28622	-0.70352	1.67124	-20	5058.05692	10.07898	1.88482E-4	-1.19265E-4	2.32285E-4
32505.28419	-0.80717	1.67121	-20	5059.24265	13.3976	4.31611E-4	0.00151	0.00105
36105.2579	-0.81112	1.67122	-20	5060.19182	15.15016	1.23432E-4	-9.89603E-4	5.51643E-4
39705.18963	-0.72412	1.67124	-20	5061.34287	18.41809	4.03314E-4	8.60795E-4	-2.74924E-5
43305.25637	-1.06435	1.67126	-20	5062.27216	20.13536	1.64508E-4	3.66921E-4	-0.00201
46905.08379	-0.70832	1.67131	-20	5063.47588	23.51479	4.39831E-4	4.22452E-4	6.48865E-4
50505.00092	-0.65695	1.67133	-20	5064.36572	25.16207	1.17306E-4	5.11244E-5	6.47384E-4
54104.98102	-0.79248	1.67134	-20	5064.63592	25.63155	1.8805E-5	-6.45469E-4	2.98261E-4
57704.9228	-0.7826	1.67134	-20	5064.71359	25.772	1.7016E-5	-8.46979E-4	2.21297E-4
61304.86819	-0.79499	1.67134	-20	5064.73682	25.81676	4.07096E-8	-3.34297E-4	3.71156E-4
75704.62966	-0.79554	1.67134	-20	5064.74854	25.82663	2.45082E-14	8.65319E-4	-1.53711E-4
68504.74911	-0.80339	1.67134	-20	5064.74805	25.8293	1.10245E-13	-3.2986E-4	-4.37687E-4
64904.80558	-0.79478	1.67134	-20	5064.74573	25.8307	1.3481E-5	7.83426E-5	-1.57254E-4
72104.68881	-0.7983	1.67134	-20	5064.74951	25.84449	3.16136E-14	4.974E-4	4.49559E-4
79304.56482	-0.80577	1.67134	-20	5064.74805	25.84743	1.10245E-13	8.03746E-4	9.01359E-4
3755.1789	-0.31501	1.67162	-17.5	5051.11401	-6.09475	2.89414E-4	5.19795E-4	4.71639E-4
7355.48583	-1.21432	1.67162	-17.5	5051.81945	-4.801	9.64454E-5	-3.783E-4	-1.52184E-4
10955.41305	-1.0264	1.67162	-17.5	5052.95345	-1.56509	4.13245E-4	3.31631E-4	0.00147
14555.36865	-0.81387	1.67162	-17.5	5053.85483	0.07308	1.13621E-4	-9.74217E-6	-1.44207E-4
18155.43054	-1.01654	1.67162	-17.5	5055.00969	3.33754	4.05777E-4	6.97361E-4	7.9051E-4
21755.35407	-0.81246	1.67162	-17.5	5055.94144	5.03854	1.64869E-4	8.63053E-5	1.02135E-4
25355.33371	-0.78209	1.6716	-17.5	5057.13057	8.36659	4.06464E-4	8.37762E-4	6.90237E-4
28955.31088	-0.76545	1.67158	-17.5	5058.0643	10.08462	1.69222E-4	9.98494E-4	3.83875E-5
32555.31057	-0.87152	1.67155	-17.5	5059.26343	13.4421	4.23073E-4	0.00139	9.7367E-4
36155.28208	-0.8687	1.67156	-17.5	5060.19849	15.17655	1.45337E-4	-5.77977E-4	1.15128E-4
39755.21215	-0.78264	1.67159	-17.5	5061.36342	18.44755	4.18769E-4	9.56909E-4	2.51121E-4
43355.27829	-1.11794	1.67161	-17.5	5062.27857	20.13922	1.75005E-4	2.09255E-4	-0.00127
46955.10213	-0.76497	1.67166	-17.5	5063.49682	23.5536	4.3337E-4	-1.06848E-5	2.41059E-4
50555.01615	-0.69652	1.67169	-17.5	5064.37252	25.16626	1.37452E-4	7.07162E-4	3.34297E-4
54155.00054	-0.84048	1.67169	-17.5	5064.63782	25.63042	3.1122E-5	-6.10923E-4	3.2421E-4
57754.94143	-0.83069	1.6717	-17.5	5064.71417	25.77028	1.39713E-5	-1.73428E-4	3.43209E-4
61354.88589	-0.83584	1.6717	-17.5	5064.73692	25.80908	8.54044E-6	-3.00742E-4	5.6291E-4
68554.76598	-0.84618	1.6717	-17.5	5064.74805	25.83171	1.10245E-13	9.98374E-5	5.68358E-5
64954.82447	-0.84304	1.6717	-17.5	5064.74591	25.83383	6.72196E-6	1.69773E-4	-2.22579E-4
75754.64491	-0.83875	1.6717	-17.5	5064.74854	25.83739	2.45082E-14	3.06058E-4	2.96327E-4
79354.58117	-0.84605	1.6717	-17.5	5064.74805	25.84093	1.10245E-13	-3.81837E-5	4.76092E-4
72154.70484	-0.84061	1.6717	-17.5	5064.74951	25.84908	3.16136E-14	1.87269E-4	2.08804E-4
3805.18559	-0.28768	1.67196	-15	5051.1287	-6.06272	2.78974E-4	9.17255E-4	8.59368E-4
7405.50367	-1.25948	1.67196	-15	5051.82497	-4.7906	6.9166E-5	-6.87955E-4	-2.29467E-4
11005.4362	-1.11662	1.67196	-15	5052.97313	-1.5269	4.19067E-4	6.78083E-4	9.67087E-4
14605.36907	-0.81683	1.67196	-15	5053.86181	0.07954	1.18831E-4	5.09877E-4	1.39919E-5
18205.44917	-1.05441	1.67196	-15	5055.02989	3.37889	3.83289E-4	2.01839E-4	0.00101
21805.36673	-0.8497	1.67196	-15	5055.94867	5.05488	1.6121E-4	6.09626E-4	6.06085E-4
25405.35393	-0.83167	1.67194	-15	5057.1506	8.41014	4.22906E-4	6.48558E-4	3.4586E-4
29005.33552	-0.8274	1.67191	-15	5058.07168	10.09031	1.50052E-4	0.0021	-1.53929E-4
32605.3368	-0.93535	1.67188	-15	5059.28421	13.48654	4.14426E-4	0.00128	8.94059E-4
36205.30619	-0.92624	1.67191	-15	5060.20516	15.20286	1.67011E-4	-1.6403E-4	-3.16069E-4
39805.23464	-0.84114	1.67195	-15	5061.38396	18.47707	4.34033E-4	0.00105	5.28074E-4
43405.30016	-1.17149	1.67197	-15	5062.28497	20.1432	1.85176E-4	4.53488E-5	-5.34635E-4
47005.12045	-0.82158	1.67201	-15	5063.51776	23.59238	4.26782E-4	-4.38307E-4	-1.63826E-4
50605.03135	-0.73601	1.67204	-15	5064.37932	25.17047	1.57403E-4	0.00135	2.34185E-5
54205.02004	-0.88842	1.67205	-15	5064.63971	25.62932	4.33424E-5	-5.75956E-4	3.48497E-4
57804.96002	-0.87873	1.67205	-15	5064.71475	25.76859	1.09134E-5	4.94786E-4	4.63291E-4
61404.90356	-0.8767	1.67206	-15	5064.73702	25.80148	1.69771E-5	-2.69949E-4	7.53128E-4
68604.78281	-0.8889	1.67206	-15	5064.74805	25.83406	1.10245E-13	5.23714E-4	5.44797E-4
79404.59752	-0.88633	1.67206	-15	5064.74805	25.83449	1.10245E-13	-8.726E-4	5.1213E-5
65004.84334	-0.89123	1.67206	-15	5064.74609	25.83693	-2.13995E-14	2.62589E-4	-2.85762E-4
75804.66018	-0.88193	1.67206	-15	5064.74854	25.84808	2.45082E-14	-2.48392E-4	7.43462E-4
72204.72085	-0.88292	1.67206	-15	5064.74951	25.85363	3.16136E-14	-1.20693E-4	-3.16615E-5
3855.18897	-0.32166	1.6723	-12.5	5051.14325	-6.02697	2.80099E-4	2.55986E-4	-3.50033E-4
7455.51416	-1.28636	1.6723	-12.5	5051.83043	-4.78213	9.62863E-5	-5.93403E-4	-6.27776E-5
11055.47453	-1.1792	1.6723	-12.5	5052.99227	-1.4975	3.87973E-4	8.2766E-4	8.08445E-4
14655.38504	-0.85777	1.6723	-12.5	5053.86883	0.09512	1.16954E-4	6.05356E-4	5.55363E-5
18255.45976	-1.08505	1.6723	-12.5	5055.04956	3.41217	3.85785E-4	4.28447E-4	8.96563E-4
21855.38241	-0.88442	1.6723	-12.5	5055.95506	5.06535	1.541E-4	2.95697E-4	0.00101
25455.36639	-0.86483	1.67228	-12.5	5057.1704	8.44197	4.06529E-4	8.3605E-4	3.68777E-4
29055.35765	-0.89197	1.67225	-12.5	5058.07798	10.1047	1.48154E-4	8.78933E-4	-3.92514E-5
32655.33782	-0.91019	1.67222	-12.5	5059.3041	13.52223	3.8692E-4	0.0011	6.66324E-4
36255.31819	-0.97755	1.67225	-12.5	5060.21283	15.21439	1.49481E-4	6.44927E-4	1.58102E-4
39855.24959	-0.89514	1.6723	-12.5	5061.40417	18.5167	4.12805E-4	6.0137E-4	4.88043E-4
43455.31438	-1.21999	1.67231	-12.5	5062.2914	20.16475	1.51745E-4	-9.53129E-4	-2.52057E-4
47055.13596	-0.87046	1.67236	-12.5	5063.53799	23.62447	3.95109E-4	2.25205E-4	9.46667E-6
50655.04202	-0.75773	1.67239	-12.5	5064.38504	25.17791	1.33666E-4	1.40514E-4	2.06512E-4
54255.03667	-0.92701	1.6724	-12.5	5064.64163	25.63466	3.78276E-5	-4.63845E-4	6.79147E-5
57854.97334	-0.91784	1.67241	-12.5	5064.71529	25.77173	5.4404E-6	1.84558E-4	2.47725E-4
61454.91529	-0.91977	1.67241	-12.5	5064.73761	25.80803	1.40072E-5	-7.38654E-4	6.6558E-4
68654.79399	-0.91971	1.67241	-12.5	5064.74805	25.82711	1.10245E-13	-1.0768E-4	-1.56847E-4
65054.85703	-0.92574	1.67241	-12.5	5064.74609	25.83204	-2.13995E-14	6.06262E-4	3.8771E-5
79454.61376	-0.92504	1.67241	-12.5	5064.74805	25.83763	1.10245E-13	-3.19174E-4	-3.02189E-4
75854.67673	-0.91924	1.67241	-12.5	5064.74854	25.84519	2.45082E-14	7.72912E-5	6.5947E-4
72254.7343	-0.92513	1.67241	-12.5	5064.74951	25.84919	3.16136E-14	-3.2503E-5	-2.19418E-4
3905.19241	-0.35585	1.67265	-10	5051.1578	-5.99128	2.81239E-4	-4.02821E-4	-0.00156
7505.52463	-1.31316	1.67265	-10	5051.83589	-4.77365	1.23048E-4	-4.9992E-4	1.00089E-4
11105.51261	-1.24159	1.67265	-10	5053.0114	-1.46799	3.57156E-4	9.76759E-4	6.53089E-4
14705.40098	-0.89865	1.67265	-10	5053.87585	0.11071	1.15127E-4	7.00392E-4	9.51329E-5
18305.47031	-1.11564	1.67265	-10	5055.06922	3.44549	3.88324E-4	6.54401E-4	7.88579E-4
21905.39804	-0.91906	1.67265	-10	5055.96146	5.0758	1.46963E-4	-1.67379E-5	0.00141
25505.37885	-0.898	1.67262	-10	5057.19019	8.47384	3.90274E-4	0.00102	3.91774E-4
29105.37977	-0.95649	1.6726	-10	5058.0843	10.11911	1.46222E-4	-3.38822E-4	7.58145E-5
32705.33887	-0.88537	1.67257	-10	5059.32399	13.55791	3.59689E-4	9.24649E-4	4.40593E-4
36305.33024	-1.02881	1.6726	-10	5060.22049	15.22592	1.32048E-4	0.00144	6.27174E-4
39905.26452	-0.94897	1.67265	-10	5061.42439	18.5563	3.91713E-4	1.57028E-4	4.48149E-4
43505.32859	-1.26839	1.67266	-10	5062.29783	20.18616	1.18364E-4	-0.00194	2.49952E-5
47105.15149	-0.91931	1.6727	-10	5063.55821	23.65661	3.63657E-4	8.85893E-4	1.835E-4
50705.0527	-0.77947	1.67274	-10	5064.39077	25.18537	1.10121E-4	-0.00107	3.87596E-4
54305.05328	-0.96552	1.67275	-10	5064.64355	25.63999	3.24023E-5	-3.54499E-4	-2.08347E-4
57904.98663	-0.95681	1.67275	-10	5064.71582	25.77483	8.93563E-14	-1.24992E-4	3.27286E-5
61504.927	-0.96273	1.67276	-10	5064.73819	25.81454	1.1022E-5	-0.0012	5.77034E-4
68704.80516	-0.95054	1.67276	-10	5064.74805	25.82028	1.10245E-13	-7.32624E-4	-8.49485E-4
65104.87069	-0.96018	1.67276	-10	5064.74609	25.82714	-2.13995E-14	9.45683E-4	3.63134E-4
79504.63001	-0.96375	1.67276	-10	5064.74805	25.84078	1.10245E-13	2.34253E-4	-6.55592E-4
75904.69322	-0.9565	1.67276	-10	5064.74854	25.84231	2.45082E-14	4.03827E-4	5.75375E-4
72304.74773	-0.9672	1.67276	-10	5064.74951	25.84472	3.16136E-14	5.23479E-5	-4.00583E-4
3955.23145	-0.48607	1.67294	-7.5	5051.17227	-5.98361	2.90116E-4	1.37192E-4	-6.95575E-4
7555.53216	-1.32903	1.67294	-7.5	5051.84122	-4.76506	1.06921E-4	-5.34318E-4	-1.94044E-4
11155.52029	-1.27997	1.67294	-7.5	5053.02976	-1.42488	3.60917E-4	0.00107	9.07333E-4
14755.41139	-0.92865	1.67294	-7.5	5053.88227	0.12619	1.22159E-4	7.17101E-4	-2.09597E-4
18355.47665	-1.1405	1.67294	-7.5	5055.08871	3.48429	3.97002E-4	7.87711E-4	9.42935E-4
21955.40548	-0.93883	1.67294	-7.5	5055.9687	5.08149	1.35104E-4	-7.15196E-5	0.00118
25555.39066	-0.93248	1.67292	-7.5	5057.20972	8.51392	3.9571E-4	7.66539E-4	4.2881E-4
29155.40081	-1.01213	1.67289	-7.5	5058.09146	10.13534	1.38823E-4	-3.0435E-4	2.5508E-4
32755.34536	-0.92026	1.67287	-7.5	5059.34381	13.59077	3.7968E-4	7.12579E-4	5.58953E-4
36355.34825	-1.07144	1.67289	-7.5	5060.22679	15.23776	1.298E-4	7.75002E-4	3.06993E-4
39955.2758	-0.97588	1.67294	-7.5	5061.44385	18.58996	3.93546E-4	4.6562E-4	4.31365E-4
43555.34218	-1.30475	1.67295	-7.5	5062.3043	20.1919	9.11634E-5	-0.00124	-3.84101E-4
47155.17004	-0.96318	1.673	-7.5	5063.57737	23.69718	3.71347E-4	0.00105	4.87924E-4
50755.06439	-0.80789	1.67303	-7.5	5064.39687	25.19798	1.25739E-4	-0.00112	1.58666E-4
54355.0659	-0.98961	1.67304	-7.5	5064.64508	25.6449	4.15759E-5	-6.96328E-4	2.20707E-4
57954.9964	-0.97346	1.67305	-7.5	5064.71631	25.77311	7.25887E-14	-3.21432E-4	-8.71933E-5
61554.93636	-0.98784	1.67305	-7.5	5064.73823	25.81524	5.49348E-6	-5.9607E-4	3.22362E-4
65154.878	-0.98172	1.67305	-7.5	5064.74609	25.81977	-2.13995E-14	5.85691E-4	6.59492E-4
72354.75726	-0.98396	1.67305	-7.5	5064.74951	25.83265	3.16136E-14	-4.17224E-4	5.12763E-4
68754.81516	-0.98312	1.67305	-7.5	5064.74805	25.83362	1.10245E-13	-2.76918E-4	-3.31026E-5
75954.70011	-0.98654	1.67305	-7.5	5064.74854	25.84085	2.45082E-14	8.69383E-4	4.74374E-4
4005.27043	-0.61625	1.67322	-5	5051.18674	-5.97589	2.98986E-4	6.72433E-4	1.58816E-4
7605.53962	-1.34482	1.67322	-5	5051.84654	-4.75645	9.09514E-5	-5.59774E-4	-4.82598E-4
11205.528	-1.31816	1.67322	-5	5053.04812	-1.38185	3.64607E-4	0.00115	0.00116
14805.42179	-0.9586	1.67322	-5	5053.8887	0.14163	1.29156E-4	7.34037E-4	-5.0863E-4
18405.48298	-1.16522	1.67322	-5	5055.10819	3.52309	4.05458E-4	9.16335E-4	0.00109
22005.4129	-0.95857	1.67322	-5	5055.97593	5.08721	1.23178E-4	-1.26687E-4	9.43228E-4
25605.40245	-0.96684	1.67321	-5	5057.22924	8.55399	4.01034E-4	5.12933E-4	4.67346E-4
29205.42176	-1.06772	1.67319	-5	5058.09862	10.15152	1.31401E-4	-2.70749E-4	4.32182E-4
32805.35184	-0.95508	1.67316	-5	5059.36363	13.62364	3.99453E-4	5.02705E-4	6.76109E-4
36405.36618	-1.11401	1.67318	-5	5060.23309	15.24956	1.2763E-4	1.13341E-4	-9.41981E-6
40005.28702	-1.00269	1.67322	-5	5061.46331	18.62364	3.95286E-4	7.71929E-4	4.13793E-4
43605.35567	-1.34095	1.67324	-5	5062.31077	20.19756	6.44893E-5	-5.49692E-4	-7.87001E-4
47205.18852	-1.00687	1.67329	-5	5063.59653	23.73759	3.78987E-4	0.00121	7.88188E-4
50805.07603	-0.83622	1.67332	-5	5064.40296	25.21062	1.41199E-4	-0.00117	-6.80225E-5
54405.07845	-1.01363	1.67332	-5	5064.64661	25.64978	5.05363E-5	-0.00104	6.44458E-4
58005.00615	-0.99015	1.67333	-5	5064.7168	25.7714	5.5957E-14	-5.13278E-4	-2.07658E-4
65204.88529	-1.00324	1.67333	-5	5064.74609	25.8125	-2.13995E-14	2.27031E-4	9.5282E-4
61604.94572	-1.01291	1.67333	-5	5064.73828	25.81594	2.40159E-8	4.94566E-6	6.95032E-5
72404.76679	-1.00074	1.67333	-5	5064.74951	25.82075	3.16136E-14	-8.81305E-4	0.00142
76004.70697	-1.01645	1.67333	-5	5064.74854	25.83937	2.45082E-14	0.00133	3.73494E-4
68804.82514	-1.01557	1.67333	-5	5064.74805	25.84679	1.10245E-13	1.77194E-4	7.73261E-4
4055.29318	-0.7334	1.67343	-2.5	5051.20051	-5.95305	3.05908E-4	-1.10085E-4	-4.30756E-4
7655.53912	-1.3519	1.67343	-2.5	5051.85144	-4.74614	9.30042E-5	4.45952E-4	-1.27644E-4
11255.54009	-1.3342	1.67343	-2.5	5053.06627	-1.3473	3.59865E-4	3.8994E-4	6.92663E-4
14855.42963	-0.98128	1.67343	-2.5	5053.89506	0.15336	1.30328E-4	7.88347E-4	1.29733E-4
18455.48793	-1.17054	1.67343	-2.5	5055.12729	3.56161	3.83532E-4	4.04699E-4	4.03303E-4
22055.41748	-0.9744	1.67343	-2.5	5055.98207	5.09825	1.00263E-4	-2.45001E-4	4.46087E-4
25655.40915	-0.98136	1.67341	-2.5	5057.24829	8.59026	3.87983E-4	4.11317E-4	7.51843E-4
29255.43102	-1.1158	1.67339	-2.5	5058.10466	10.16023	1.20808E-4	-3.63498E-4	2.95639E-4
32855.35962	-0.97909	1.67337	-2.5	5059.38267	13.65934	3.83173E-4	6.53659E-4	5.95443E-4
36455.37308	-1.14831	1.67338	-2.5	5060.24007	15.25671	1.36406E-4	5.26731E-4	1.98339E-4
40055.28921	-1.01426	1.67342	-2.5	5061.48224	18.65956	3.8237E-4	7.21634E-4	2.72969E-4
43655.35805	-1.36003	1.67344	-2.5	5062.31683	20.194	9.89983E-5	-4.68534E-5	-4.70015E-4
47255.19758	-1.02368	1.67349	-2.5	5063.61538	23.75341	3.78731E-4	9.01631E-4	4.41626E-4
50855.07857	-0.8478	1.67352	-2.5	5064.40913	25.22828	1.27167E-4	-7.52304E-5	1.22522E-4
54455.08184	-1.02857	1.67353	-2.5	5064.64804	25.64972	2.73675E-5	-9.2719E-4	2.69212E-4
58055.01391	-1.01401	1.67353	-2.5	5064.71729	25.77154	6.06068E-14	1.39465E-5	-4.13134E-4
61654.95494	-1.03157	1.67353	-2.5	5064.73831	25.81635	3.81153E-6	-1.72751E-7	1.00768E-4
65254.89029	-1.02046	1.67353	-2.5	5064.74609	25.82106	-2.13995E-14	7.74921E-5	7.70722E-4
68854.8327	-1.02731	1.67353	-2.5	5064.74805	25.83268	1.10245E-13	3.81052E-4	7.45099E-6
72454.77613	-1.02121	1.67353	-2.5	5064.74951	25.83383	3.16136E-14	-4.88327E-4	8.4577E-4
76054.71091	-1.02702	1.67353	-2.5	5064.74854	25.83655	2.45082E-14	5.80273E-4	2.91502E-4
505.92092	-1.03511	1.67362	0	5050.28152	-8.66548	-2.73947E-5	4.58689E-4	8.0151E-4
4105.316	-0.85058	1.67362	0	5051.21428	-5.93017	3.12761E-4	-8.84136E-4	-0.00101
7705.53861	-1.35886	1.67362	0	5051.85634	-4.73583	9.51199E-5	0.00144	2.2583E-4
11305.55209	-1.35021	1.67362	0	5053.08442	-1.31278	3.55153E-4	-3.58774E-4	2.35351E-4
14905.43744	-1.00391	1.67362	0	5053.90143	0.16507	1.31415E-4	8.41955E-4	7.6323E-4
18505.49284	-1.1758	1.67362	0	5055.14639	3.6001	3.61839E-4	-9.74447E-5	-2.78476E-4
22105.42206	-0.99018	1.67362	0	5055.9882	5.10929	7.76576E-5	-3.60513E-4	-4.74173E-5
25705.41584	-0.99639	1.67361	0	5057.26734	8.62653	3.74895E-4	3.13492E-4	0.00103
29305.44028	-1.16376	1.67359	0	5058.11071	10.16896	1.10383E-4	-4.52376E-4	1.60734E-4
32905.36736	-1.00299	1.67356	0	5059.4017	13.69512	3.67001E-4	8.05066E-4	5.16023E-4
36505.38001	-1.18247	1.67357	0	5060.24703	15.26389	1.4507E-4	9.38488E-4	4.03985E-4
40105.29138	-1.02567	1.6736	0	5061.50116	18.69548	3.69481E-4	6.7453E-4	1.32159E-4
43705.36041	-1.37887	1.67362	0	5062.32289	20.19074	1.3311E-4	4.50324E-4	-1.53048E-4
47305.20662	-1.0405	1.67368	0	5063.63423	23.76941	3.78317E-4	5.95552E-4	1.00275E-4
50905.08113	-0.8594	1.67372	0	5064.41531	25.24586	1.13186E-4	0.00101	3.1201E-4
54505.08521	-1.04348	1.67373	0	5064.64948	25.64969	4.54344E-6	-8.14178E-4	-1.05446E-4
58105.02163	-1.03779	1.67373	0	5064.71777	25.77168	6.52256E-14	5.38524E-4	-6.15411E-4
61704.96408	-1.05011	1.67373	0	5064.73834	25.81677	7.54824E-6	-7.01161E-6	1.31265E-4
68904.84019	-1.03899	1.67373	0	5064.74805	25.81874	1.09962E-13	5.79409E-4	-7.52552E-4
65304.89526	-1.03761	1.67373	0	5064.74609	25.8296	-2.13995E-14	-6.98718E-5	5.88159E-4
76104.71486	-1.03754	1.67373	0	5064.74853	25.83376	-3.33183E-8	-1.60433E-4	2.07688E-4
72504.78538	-1.04155	1.67373	0	5064.74951	25.84683	3.16136E-14	-9.6243E-5	2.76068E-4
555.67379	-1.08886	1.67382	2.5	5050.28123	-8.63232	-5.75768E-6	4.46228E-4	2.67081E-4
4155.35551	-0.97248	1.67382	2.5	5051.22773	-5.89969	3.04653E-4	2.07176E-4	-3.37172E-5
7755.53795	-1.3531	1.67382	2.5	5051.86145	-4.72637	1.04503E-4	0.00114	4.08272E-4
11355.55283	-1.3637	1.67382	2.5	5053.10233	-1.28091	3.53823E-4	7.13574E-5	4.28645E-4
14955.43939	-1.01698	1.67382	2.5	5053.9075	0.17537	1.19441E-4	7.85802E-4	6.35827E-4
18555.49176	-1.17331	1.67382	2.5	5055.16485	3.6351	3.71157E-4	6.62369E-4	-1.50906E-4
22155.42544	-0.99715	1.67382	2.5	5055.99442	5.12121	1.04167E-4	-3.05472E-5	3.71798E-5
25755.4219	-1.0908	1.6738	2.5	5057.28574	8.66245	3.56025E-4	8.10983E-4	7.97958E-4
29355.45016	-1.19715	1.67378	2.5	5058.11693	10.17936	1.22575E-4	-1.6052E-5	2.48239E-4
32955.37091	-1.01116	1.67375	2.5	5059.42048	13.74256	3.67484E-4	0.00103	6.31041E-4
36555.39019	-1.19962	1.67376	2.5	5060.25292	15.27592	1.38569E-4	0.00113	3.26738E-4
40155.29023	-1.01158	1.6738	2.5	5061.51945	18.73096	3.60641E-4	0.00112	-6.31202E-6
43755.36024	-1.37213	1.67381	2.5	5062.32914	20.22156	1.22619E-4	3.11871E-4	1.61826E-4
47355.21176	-1.05836	1.67387	2.5	5063.65227	23.80937	3.54724E-4	5.89501E-4	5.25515E-4
50955.08766	-0.87656	1.67391	2.5	5064.42109	25.24828	1.0863E-4	9.04904E-5	3.0855E-4
54555.08518	-1.0526	1.67392	2.5	5064.65144	25.65485	3.25978E-5	3.82361E-5	-3.93234E-4
58155.02591	-1.05016	1.67392	2.5	5064.71777	25.77328	6.52256E-14	6.68276E-4	-3.40596E-4
61754.96227	-1.0514	1.67392	2.5	5064.7388	25.81751	3.76155E-6	-2.68554E-4	4.80641E-5
68954.83666	-1.04171	1.67392	2.5	5064.74805	25.82886	6.73306E-14	-4.59351E-5	-6.43179E-4
65354.89554	-1.04417	1.67392	2.5	5064.74609	25.83423	-2.13995E-14	1.13504E-4	3.35018E-4
76154.71975	-1.04069	1.67392	2.5	5064.74849	25.83606	-5.13524E-6	4.69835E-5	-1.53227E-4
72554.77984	-1.04345	1.67392	2.5	5064.74951	25.84887	3.16136E-14	1.64275E-4	-1.1877E-4
605.42851	-1.14255	1.67402	5	5050.28094	-8.59913	1.58911E-5	4.33782E-4	-2.60252E-4
4205.39509	-1.09421	1.67402	5	5051.24117	-5.86921	2.96538E-4	0.00129	9.34953E-4
7805.53724	-1.34724	1.67402	5	5051.86656	-4.7168	1.13665E-4	8.41819E-4	5.88855E-4
11405.55353	-1.37698	1.67402	5	5053.12023	-1.24901	3.52565E-4	4.97471E-4	6.15401E-4
15005.44142	-1.03051	1.67402	5	5053.91358	0.18576	1.07627E-4	7.31838E-4	5.07092E-4
18605.49063	-1.17071	1.67402	5	5055.1833	3.6701	3.803E-4	0.00141	-2.12599E-5
22205.42876	-1.00403	1.67402	5	5056.00064	5.13321	1.30458E-4	2.98584E-4	1.19631E-4
25805.42802	-1.18453	1.674	5	5057.30414	8.69829	3.37333E-4	0.00131	5.64504E-4
29405.46	-1.23039	1.67397	5	5058.12316	10.18987	1.34669E-4	4.17585E-4	3.34215E-4
33005.37439	-1.01926	1.67394	5	5059.43927	13.78984	3.67906E-4	0.00124	7.41255E-4
36605.40028	-1.21668	1.67396	5	5060.25881	15.28797	1.32061E-4	0.00132	2.49563E-4
40205.28905	-0.99745	1.67399	5	5061.53774	18.76649	3.51778E-4	0.00156	-1.43421E-4
43805.35999	-1.36539	1.67401	5	5062.33539	20.25229	1.12313E-4	1.71388E-4	4.82282E-4
47405.21684	-1.07616	1.67407	5	5063.67031	23.84935	3.31346E-4	5.84842E-4	9.46493E-4
51005.09411	-0.8936	1.6741	5	5064.42687	25.25079	1.04116E-4	-8.21667E-4	3.03865E-4
54605.0851	-1.06156	1.67411	5	5064.6534	25.66001	6.03793E-5	8.83694E-4	-6.78344E-4
58205.0301	-1.06236	1.67411	5	5064.71778	25.7749	3.68225E-8	7.93828E-4	-6.74475E-5
61804.96041	-1.05263	1.67411	5	5064.73926	25.81822	7.43849E-14	-5.27359E-4	-3.34907E-5
76204.72453	-1.04385	1.67411	5	5064.74845	25.8383	-1.01685E-5	2.48214E-4	-5.09756E-4
65404.8958	-1.05063	1.67411	5	5064.74609	25.8388	-2.13306E-14	2.91097E-4	8.26548E-5
69004.83312	-1.04437	1.67411	5	5064.74805	25.83887	2.52611E-14	-6.66756E-4	-5.33576E-4
72604.7743	-1.0453	1.67411	5	5064.74951	25.8509	3.16136E-14	4.1692E-4	-5.10031E-4
655.44123	-1.1879	1.67412	7.5	5050.28216	-8.56145	3.91753E-5	4.23554E-4	1.95036E-4
4255.44608	-1.18833	1.67412	7.5	5051.25419	-5.83935	2.87189E-4	2.61941E-4	1.35043E-4
7855.53102	-1.33124	1.67412	7.5	5051.87193	-4.69529	9.72617E-5	5.9848E-4	5.53957E-4
11455.54918	-1.36593	1.67412	7.5	5053.13751	-1.21334	3.59619E-4	4.64494E-4	5.50811E-5
15055.45461	-1.11594	1.67412	7.5	5053.9197	0.20988	1.20557E-4	0.00102	1.72596E-4
18655.48368	-1.1533	1.67412	7.5	5055.20129	3.70594	3.66027E-4	7.16747E-4	3.86057E-4
22255.42346	-0.99674	1.67412	7.5	5056.00686	5.15643	1.22798E-4	4.97794E-4	-1.31778E-4
25855.44179	-1.17836	1.6741	7.5	5057.32194	8.72438	3.45245E-4	0.00133	5.75235E-4
29455.46363	-1.24507	1.67408	7.5	5058.12935	10.21528	1.34251E-4	5.10052E-4	2.26192E-4
33055.36686	-1.01622	1.67405	7.5	5059.45758	13.81175	3.59032E-4	5.69064E-4	1.17541E-4
36655.40065	-1.22172	1.67406	7.5	5060.26515	15.30356	1.24554E-4	0.00134	1.8149E-4
40255.28106	-0.97901	1.67408	7.5	5061.55555	18.80949	3.39189E-4	8.45366E-4	-6.91154E-5
43855.35167	-1.35979	1.6741	7.5	5062.34113	20.272	1.22648E-4	-1.9711E-4	0.00143
47455.21249	-1.08444	1.67416	7.5	5063.68778	23.89245	3.38654E-4	7.78778E-4	7.59436E-4
51055.08677	-0.89097	1.67419	7.5	5064.43198	25.27207	1.06773E-4	-2.11753E-4	8.57383E-5
54655.07808	-1.04694	1.6742	7.5	5064.65523	25.66449	4.78657E-5	7.02023E-4	-5.68089E-4
58255.02061	-1.04775	1.6742	7.5	5064.71822	25.78157	5.42865E-6	3.08651E-4	-3.65398E-5
61854.94911	-1.0455	1.6742	7.5	5064.73926	25.81491	7.43849E-14	-3.76491E-4	1.31342E-4
76254.71282	-1.04716	1.6742	7.5	5064.74825	25.83213	-5.0678E-6	-4.64134E-4	-2.18511E-4
69054.82818	-1.03786	1.6742	7.5	5064.74805	25.83288	6.78916E-14	-6.06207E-4	-3.89252E-4
65454.89126	-1.0399	1.6742	7.5	5064.74609	25.83477	-1.07978E-14	-4.08828E-4	-5.16921E-5
72654.76817	-1.0393	1.6742	7.5	5064.74951	25.84984	3.16136E-14	-5.30121E-4	-3.5628E-4
705.45393	-1.23311	1.67423	10	5050.2834	-8.52371	6.24296E-5	4.12994E-4	6.48393E-4
4305.49679	-1.28223	1.67423	10	5051.26721	-5.80953	2.77885E-4	-7.45291E-4	-6.53262E-4
7905.52471	-1.31508	1.67423	10	5051.87731	-4.67377	8.11499E-5	3.60136E-4	5.19968E-4
11505.54478	-1.35476	1.67423	10	5053.15479	-1.17774	3.6652E-4	4.34836E-4	-4.9635E-4
15105.46774	-1.20064	1.67423	10	5053.92582	0.23392	1.33456E-4	0.00129	-1.54236E-4
18705.47667	-1.13576	1.67423	10	5055.21928	3.74169	3.51762E-4	2.98812E-5	7.89741E-4
22305.41815	-0.98939	1.67423	10	5056.01307	5.17963	1.15232E-4	6.93126E-4	-3.81894E-4
25905.45538	-1.17204	1.6742	10	5057.33974	8.75061	3.53167E-4	0.00135	5.8437E-4
29505.4672	-1.25959	1.67417	10	5058.13555	10.2406	1.33851E-4	6.03146E-4	1.19899E-4
33105.3593	-1.01304	1.67414	10	5059.4759	13.83373	3.50232E-4	-9.64885E-5	-4.96119E-4
36705.40094	-1.22666	1.67414	10	5060.27148	15.31919	1.16972E-4	0.00135	1.20238E-4
40305.27303	-0.96051	1.67416	10	5061.57335	18.85244	3.26704E-4	1.40558E-4	6.96761E-6
43905.34336	-1.354	1.67418	10	5062.34687	20.29185	1.3287E-4	-5.51856E-4	0.00237
47505.20812	-1.09261	1.67424	10	5063.70524	23.93538	3.45926E-4	9.68827E-4	5.74147E-4
51105.07942	-0.8883	1.67426	10	5064.43709	25.29322	1.0929E-4	3.96333E-4	-1.29246E-4
54705.07102	-1.0323	1.67427	10	5064.65706	25.66899	3.54022E-5	5.18693E-4	-4.57225E-4
58305.01114	-1.03307	1.67427	10	5064.71866	25.78819	1.08018E-5	-1.75219E-4	-1.86732E-6
61904.93785	-1.03826	1.67427	10	5064.73926	25.81165	7.43849E-14	-2.28593E-4	2.9537E-4
76304.70114	-1.05028	1.67427	10	5064.74805	25.82602	1.10245E-13	-0.00117	6.80818E-5
69104.82323	-1.03127	1.67427	10	5064.74805	25.82693	1.10245E-13	-5.43142E-4	-2.45324E-4
65504.88668	-1.02906	1.67427	10	5064.74609	25.83073	-4.01146E-16	-0.0011	-1.84448E-4
72704.76202	-1.03327	1.67427	10	5064.74951	25.8488	3.16136E-14	-0.00147	-2.03414E-4
755.4654	-1.26134	1.67427	12.5	5050.28595	-8.47803	8.18211E-5	3.59608E-4	8.52097E-4
4355.51402	-1.34826	1.67427	12.5	5051.28044	-5.783	2.7413E-4	2.49581E-4	-2.65745E-5
7955.50806	-1.2807	1.67427	12.5	5051.88312	-4.65184	9.98228E-5	7.18753E-4	5.94629E-4
11555.53565	-1.33041	1.67427	12.5	5053.17169	-1.14931	3.55604E-4	7.9221E-4	-1.12398E-5
15155.47214	-1.18057	1.67427	12.5	5053.93252	0.24484	1.41997E-4	6.9366E-4	6.12264E-4
18755.46057	-1.0992	1.67427	12.5	5055.23674	3.76672	3.38557E-4	4.23694E-4	6.88616E-4
22355.41066	-0.97141	1.67427	12.5	5056.01914	5.20082	1.2281E-4	2.64093E-4	-4.23978E-4
25955.44563	-1.14655	1.67424	12.5	5057.35747	8.79603	3.62406E-4	9.09823E-4	3.77182E-4
29555.4636	-1.25529	1.67421	12.5	5058.14175	10.25413	1.35647E-4	7.74457E-4	2.29222E-4
33155.34807	-0.99019	1.67417	12.5	5059.49361	13.86697	3.53019E-4	7.01786E-4	4.50662E-4
36755.39264	-1.2183	1.67418	12.5	5060.27748	15.34016	9.98244E-5	1.02273E-4	9.22604E-4
40355.25929	-0.9307	1.6742	12.5	5061.59065	18.88564	3.30999E-4	5.04902E-4	3.73544E-4
43955.33723	-1.32634	1.67421	12.5	5062.35327	20.32718	1.29888E-4	6.99853E-4	0.00185
47555.20042	-1.08398	1.67426	12.5	5063.7219	23.95591	3.47917E-4	5.98383E-4	6.43835E-4
51155.07325	-0.87893	1.67428	12.5	5064.44231	25.29043	8.65669E-5	6.74713E-4	2.22617E-4
54755.05807	-1.01469	1.67428	12.5	5064.65821	25.67548	3.0548E-5	8.35837E-5	-2.53815E-4
58355.00382	-1.00842	1.67429	12.5	5064.71911	25.78748	1.33383E-5	-4.60805E-4	6.03834E-4
61954.93258	-1.01411	1.67429	12.5	5064.73926	25.81687	7.43849E-14	-5.42997E-4	3.34303E-4
65554.87561	-1.0012	1.67429	12.5	5064.74609	25.82643	-1.09326E-14	1.16944E-4	-7.25955E-5
69154.81561	-1.01225	1.67429	12.5	5064.74805	25.8284	1.10245E-13	-9.54023E-5	-1.61883E-4
76354.69408	-1.02393	1.67429	12.5	5064.74805	25.82874	1.10245E-13	-5.87929E-4	-3.61053E-4
72754.7533	-1.0231	1.67429	12.5	5064.74951	25.851	3.16136E-14	-0.00133	-1.8635E-4
805.47677	-1.28935	1.6743	15	5050.28852	-8.43234	1.01143E-4	3.09391E-4	0.00105
4405.53094	-1.41336	1.6743	15	5051.29366	-5.75664	2.7038E-4	0.00124	5.99178E-4
8005.49139	-1.24619	1.6743	15	5051.88893	-4.6298	1.18538E-4	0.00107	6.71019E-4
11605.52644	-1.3059	1.6743	15	5053.18859	-1.12088	3.44723E-4	0.00114	4.72598E-4
15205.47643	-1.16046	1.6743	15	5053.93921	0.25586	1.5043E-4	9.99858E-5	0.00137
18805.44448	-1.06263	1.6743	15	5055.25419	3.79177	3.25438E-4	8.12393E-4	5.91568E-4
22405.40313	-0.9534	1.6743	15	5056.02522	5.22204	1.30395E-4	-1.59661E-4	-4.61804E-4
26005.43584	-1.121	1.67427	15	5057.37519	8.84131	3.71491E-4	4.76662E-4	1.72674E-4
29605.45992	-1.25082	1.67424	15	5058.14796	10.26778	1.37296E-4	9.47651E-4	3.35515E-4
33205.33671	-0.96688	1.6742	15	5059.51133	13.90026	3.55741E-4	0.00149	0.00139
36805.38435	-1.20986	1.67421	15	5060.28348	15.36109	8.29325E-5	-0.00113	0.00171
40405.24553	-0.9008	1.67423	15	5061.60794	18.91878	3.35305E-4	8.65212E-4	7.3859E-4
44005.33099	-1.29857	1.67424	15	5062.35967	20.36243	1.26946E-4	0.00194	0.00133
47605.19267	-1.07522	1.67427	15	5063.73856	23.9765	3.49789E-4	2.27207E-4	7.12336E-4
51205.06705	-0.86952	1.67429	15	5064.44754	25.28773	6.40862E-5	9.50118E-4	5.72916E-4
54805.04513	-0.99699	1.67429	15	5064.65936	25.68195	2.57296E-5	-3.49788E-4	-5.33166E-5
58404.99642	-0.98373	1.67429	15	5064.71956	25.78673	1.58592E-5	-7.4012E-4	0.0012
62004.92727	-0.98985	1.67429	15	5064.73926	25.82203	7.43849E-14	-8.5098E-4	3.72328E-4
65604.86451	-0.9734	1.67429	15	5064.74609	25.82219	-2.13995E-14	0.00132	3.98174E-5
69204.80796	-0.99317	1.67429	15	5064.74805	25.82991	1.10245E-13	3.47537E-4	-8.21254E-5
76404.68699	-0.99755	1.67429	15	5064.74805	25.8315	1.10245E-13	-1.43111E-5	-7.83972E-4
72804.74454	-1.01278	1.67429	15	5064.74951	25.85312	3.16136E-14	-0.00118	-1.66489E-4
855.47495	-1.28965	1.67427	17.5	5050.29365	-8.3862	1.11799E-4	6.55352E-4	0.00115
4455.51397	-1.37472	1.67427	17.5	5051.30607	-5.74838	2.67132E-4	0.00125	0.00112
8055.47269	-1.19609	1.67427	17.5	5051.89442	-4.59336	1.42805E-4	9.55278E-4	9.72171E-4
11655.50701	-1.26342	1.67427	17.5	5053.20508	-1.09199	3.38117E-4	6.56454E-4	8.01317E-4
15255.46353	-1.13517	1.67427	17.5	5053.94509	0.28247	1.43988E-4	4.51268E-4	0.00103
18855.4288	-1.02372	1.67427	17.5	5055.2712	3.82233	3.25413E-4	4.19404E-4	0.00112
22455.38934	-0.92934	1.67427	17.5	5056.03191	5.24968	1.39343E-4	3.09762E-4	2.20749E-4
26055.42037	-1.08656	1.67424	17.5	5057.39239	8.86615	3.58569E-4	3.9045E-4	3.52277E-4
29655.44573	-1.22467	1.67421	17.5	5058.15488	10.29683	1.2023E-4	0.00136	5.69688E-5
33255.30391	-0.86808	1.67418	17.5	5059.52846	13.94286	3.47861E-4	0.00108	0.00112
36855.3771	-1.19143	1.67419	17.5	5060.29016	15.3754	9.98179E-5	-2.94987E-4	6.42811E-4
40455.22718	-0.85322	1.67421	17.5	5061.625	18.94145	3.41729E-4	5.00236E-4	8.28392E-4
44055.31248	-1.25581	1.67421	17.5	5062.36657	20.3882	1.28789E-4	0.00126	9.02027E-4
47655.17951	-1.04638	1.67424	17.5	5063.75462	24.00723	3.34039E-4	-2.52768E-4	6.04286E-4
51255.05502	-0.85063	1.67425	17.5	5064.45276	25.3026	8.66409E-5	6.73905E-4	6.3299E-4
54855.03459	-0.96239	1.67426	17.5	5064.66062	25.68455	2.67295E-5	-5.01333E-4	-3.24969E-4
58454.97707	-0.95471	1.67426	17.5	5064.71997	25.7799	1.59351E-5	-3.91241E-5	9.87504E-4
62054.91408	-0.94859	1.67426	17.5	5064.73926	25.81873	7.43849E-14	-1.25584E-4	2.64136E-4
65654.85007	-0.95746	1.67426	17.5	5064.74609	25.82937	-2.13995E-14	8.898E-5	2.4328E-4
69254.79399	-0.96378	1.67426	17.5	5064.74805	25.83681	1.10245E-13	2.0049E-5	-5.93613E-4
76454.67426	-0.96529	1.67426	17.5	5064.74805	25.83906	1.10245E-13	-5.0116E-4	-2.06776E-4
72854.73089	-0.97642	1.67426	17.5	5064.74951	25.84278	3.16136E-14	-2.60279E-4	3.07352E-4
905.473	-1.28962	1.67424	20	5050.29879	-8.34008	1.22365E-4	9.938E-4	0.00124
4505.49697	-1.33609	1.67424	20	5051.31847	-5.7399	2.63792E-4	0.00126	0.00163
8105.45397	-1.14599	1.67424	20	5051.89993	-4.55688	1.6688E-4	8.3839E-4	0.00127
11705.48746	-1.22039	1.67424	20	5053.22158	-1.06309	3.31535E-4	1.7481E-4	0.00113
15305.4506	-1.1098	1.67424	20	5053.95097	0.30915	1.37707E-4	8.00813E-4	6.99015E-4
18905.41308	-0.98476	1.67424	20	5055.28822	3.85293	3.25367E-4	2.86943E-5	0.00164
22505.37553	-0.90518	1.67424	20	5056.0386	5.27735	1.4825E-4	7.7768E-4	8.98995E-4
26105.40487	-1.05203	1.6742	20	5057.40959	8.89108	3.45578E-4	3.08307E-4	5.30516E-4
29705.43151	-1.19842	1.67418	20	5058.16179	10.32592	1.0351E-4	0.00177	-2.18493E-4
33305.27117	-0.76958	1.67415	20	5059.54559	13.9854	3.39919E-4	6.68746E-4	8.44546E-4
36905.36977	-1.1728	1.67416	20	5060.29685	15.38985	1.16545E-4	5.30159E-4	-4.11065E-4
40505.2088	-0.80561	1.67418	20	5061.64206	18.96419	3.48031E-4	1.3906E-4	9.17763E-4
44105.29393	-1.21291	1.67418	20	5062.37348	20.41403	1.30585E-4	5.79967E-4	4.8046E-4
47705.16632	-1.01746	1.6742	20	5063.77068	24.03802	3.18393E-4	-7.26137E-4	4.96781E-4
51305.04298	-0.83166	1.67421	20	5064.45798	25.31742	1.09084E-4	3.98721E-4	6.9016E-4
54905.024	-0.92777	1.67422	20	5064.66188	25.68711	2.77286E-5	-6.48898E-4	-5.92971E-4
58504.95773	-0.92565	1.67422	20	5064.72039	25.77316	1.59658E-5	6.56532E-4	7.67374E-4
62104.90085	-0.90738	1.67422	20	5064.73926	25.81548	8.53129E-8	5.95561E-4	1.54195E-4
72904.71719	-0.94003	1.67422	20	5064.74951	25.83247	3.16136E-14	6.45603E-4	7.70872E-4
65704.83563	-0.94135	1.67422	20	5064.74609	25.83649	-2.13995E-14	-0.00113	4.43503E-4
69304.77999	-0.9343	1.67422	20	5064.74805	25.84364	1.10245E-13	-3.02383E-4	-0.0011
76504.66146	-0.93291	1.67422	20	5064.74805	25.84657	1.10245E-13	-9.82426E-4	3.65775E-4
955.45489	-1.24641	1.67418	22.5	5050.30532	-8.2971	1.21509E-4	3.84456E-4	0.00104
4555.47547	-1.29978	1.67418	22.5	5051.33129	-5.70418	2.49392E-4	4.97069E-4	8.00639E-4
8155.431	-1.09528	1.67418	22.5	5051.90691	-4.5155	1.63168E-4	9.46873E-4	0.00142
11755.4521	-1.10371	1.67418	22.5	5053.2376	-1.03151	3.27973E-4	3.16423E-4	8.66434E-4
15355.43199	-1.07106	1.67418	22.5	5053.95805	0.34465	1.55695E-4	8.8959E-4	6.91317E-4
18955.39147	-0.93721	1.67418	22.5	5055.30499	3.89238	3.21534E-4	2.36823E-5	0.00101
22555.35765	-0.86177	1.67418	22.5	5056.04577	5.31199	1.49722E-4	9.64251E-4	7.72197E-4
26155.38567	-1.00294	1.67415	22.5	5057.42636	8.93206	3.21784E-4	8.66696E-4	4.93939E-4
29755.41306	-1.15786	1.67413	22.5	5058.1685	10.36295	1.34337E-4	0.00123	-7.13639E-5
33355.25123	-0.73635	1.67411	22.5	5059.56232	14.01655	3.18659E-4	0.00134	4.98088E-4
36955.35155	-1.12889	1.67412	22.5	5060.30375	15.4229	1.11475E-4	6.34888E-4	4.95298E-4
40555.18291	-0.75347	1.67415	22.5	5061.65883	18.99862	3.29172E-4	5.66369E-4	9.17661E-4
44155.26969	-1.15139	1.67415	22.5	5062.3813	20.44797	1.26137E-4	5.94924E-4	4.73249E-4
47755.14883	-0.97546	1.67416	22.5	5063.78627	24.07692	3.19677E-4	-1.31816E-4	4.7747E-4
51355.03091	-0.79587	1.67418	22.5	5064.46272	25.32336	1.08798E-4	3.33199E-4	1.55827E-4
54955.00474	-0.88872	1.67418	22.5	5064.66339	25.68103	2.85683E-5	-1.03033E-4	-2.24862E-4
58554.94089	-0.89202	1.67418	22.5	5064.72055	25.78274	7.96328E-6	4.00904E-4	-4.54761E-5
62154.88043	-0.87536	1.67418	22.5	5064.73952	25.82031	1.51929E-5	5.68037E-4	-2.63877E-4
72954.69603	-0.89947	1.67418	22.5	5064.74951	25.82936	3.16136E-14	-2.38788E-4	-6.05172E-4
65754.8221	-0.89737	1.67418	22.5	5064.74609	25.83247	-2.13995E-14	-7.06355E-4	6.23782E-5
69354.75991	-0.88878	1.67418	22.5	5064.74805	25.83704	1.10245E-13	2.67727E-4	-0.00103
76554.63615	-0.88044	1.67418	22.5	5064.74805	25.84425	1.10245E-13	-4.84031E-4	1.23179E-4
1005.43673	-1.20302	1.67412	25	5050.31186	-8.25417	1.20953E-4	-2.20333E-4	8.34366E-4
4605.45397	-1.26323	1.67412	25	5051.3441	-5.66855	2.3508E-4	-2.59676E-4	-1.7385E-5
8205.40799	-1.04454	1.67412	25	5051.9139	-4.47404	1.59578E-4	0.00105	0.00157
11805.41673	-0.98732	1.67412	25	5053.25362	-0.99998	3.24283E-4	4.57814E-4	6.09332E-4
15405.41334	-1.03214	1.67412	25	5053.96513	0.38017	1.73648E-4	9.77829E-4	6.85297E-4
19005.36984	-0.88958	1.67412	25	5055.32176	3.93179	3.17679E-4	1.92722E-5	3.87721E-4
22605.33974	-0.81835	1.67412	25	5056.05294	5.3467	1.51227E-4	0.00115	6.46895E-4
26205.36644	-0.95379	1.6741	25	5057.44313	8.97295	2.9819E-4	0.00142	4.55478E-4
29805.39458	-1.11715	1.67408	25	5058.17523	10.39996	1.64959E-4	6.90806E-4	7.79372E-5
33405.23131	-0.70311	1.67406	25	5059.57904	14.04768	2.97462E-4	0.002	1.52713E-4
37005.3333	-1.08495	1.67408	25	5060.31066	15.45599	1.06611E-4	7.39476E-4	0.0014
40605.15701	-0.70125	1.67411	25	5061.67559	19.03305	3.1042E-4	9.89708E-4	9.18457E-4
44205.24541	-1.08985	1.67411	25	5062.38911	20.48189	1.21912E-4	6.11818E-4	4.67342E-4
47805.13133	-0.93346	1.67413	25	5063.80186	24.11569	3.20983E-4	4.62415E-4	4.57981E-4
51405.01882	-0.76007	1.67414	25	5064.46746	25.32932	1.08441E-4	2.67364E-4	-3.74558E-4
55004.98548	-0.84967	1.67415	25	5064.66489	25.67502	2.94436E-5	4.39008E-4	1.42899E-4
58604.92399	-0.85826	1.67415	25	5064.7207	25.79228	1.59872E-14	1.42259E-4	-8.54149E-4
62204.85997	-0.84325	1.67415	25	5064.73978	25.82514	3.01545E-5	5.40386E-4	-6.79729E-4
73004.67489	-0.85883	1.67415	25	5064.74951	25.82627	3.16136E-14	-0.00111	-0.00197
65804.80851	-0.85331	1.67415	25	5064.74609	25.82845	-2.13995E-14	-2.86901E-4	-3.1463E-4
69404.73981	-0.84318	1.67415	25	5064.74805	25.83047	1.10245E-13	8.31529E-4	-9.59883E-4
76604.61086	-0.82804	1.67415	25	5064.74805	25.84191	1.10245E-13	1.52232E-5	-1.19257E-4
1055.41159	-1.13477	1.6741	27.5	5050.31922	-8.21672	1.62175E-4	-1.91586E-4	8.27647E-4
4655.43195	-1.19494	1.6741	27.5	5051.35608	-5.64511	2.32907E-4	1.54182E-4	6.70188E-4
8255.3783	-0.98856	1.6741	27.5	5051.92154	-4.42167	1.7612E-4	8.08722E-4	0.00134
11855.37894	-0.92074	1.6741	27.5	5053.26912	-0.97554	2.99193E-4	5.61997E-4	7.15835E-4
15455.38808	-0.96362	1.6741	27.5	5053.97279	0.41789	1.8565E-4	9.75209E-4	9.63245E-4
19055.34473	-0.82814	1.6741	27.5	5055.33789	3.96161	3.095E-4	1.34446E-4	6.09734E-4
22655.31836	-0.77438	1.6741	27.5	5056.06118	5.39493	1.59989E-4	0.00135	8.44972E-4
26255.34146	-0.89559	1.67408	27.5	5057.45922	8.99648	3.10289E-4	0.00148	7.88964E-5
29855.36994	-1.05364	1.67407	27.5	5058.1837	10.43433	1.64348E-4	5.42197E-4	5.5878E-4
33455.21682	-0.6683	1.67406	27.5	5059.59541	14.07532	2.9247E-4	0.00176	8.80749E-5
37055.31039	-1.03586	1.67407	27.5	5060.31784	15.49454	1.33151E-4	8.22364E-4	0.00131
40655.12837	-0.62684	1.67408	27.5	5061.6913	19.06682	3.18434E-4	4.14885E-4	0.00115
44255.21392	-1.02432	1.67408	27.5	5062.39752	20.51382	1.51571E-4	9.23293E-4	6.59599E-4
47855.11168	-0.88994	1.67409	27.5	5063.81698	24.13042	3.26113E-4	0.00104	4.05928E-4
51455.0041	-0.72162	1.6741	27.5	5064.47225	25.34083	9.19662E-5	1.30679E-4	-1.20173E-5
55054.96648	-0.80913	1.67411	27.5	5064.66604	25.68264	3.74902E-5	2.10117E-4	4.40305E-4
58654.89729	-0.79727	1.67411	27.5	5064.7207	25.79195	1.59872E-14	-7.28192E-4	-8.1614E-4
65854.7804	-0.79382	1.67411	27.5	5064.74609	25.82309	-2.13995E-14	-3.514E-4	1.27125E-4
62254.82994	-0.79318	1.67411	27.5	5064.74001	25.82858	1.50499E-5	4.86366E-4	-6.38096E-4
73054.65959	-0.79967	1.67411	27.5	5064.74951	25.82861	3.16136E-14	-2.26139E-4	-5.43273E-4
69454.71866	-0.78301	1.67411	27.5	5064.74805	25.82894	1.10245E-13	9.5265E-5	-6.76999E-4
76654.59062	-0.78931	1.67411	27.5	5064.74805	25.83649	1.10245E-13	6.98235E-4	-3.27493E-4
1105.38631	-1.06618	1.67407	30	5050.32659	-8.17921	2.03174E-4	-1.60826E-4	8.22397E-4
4705.40985	-1.12665	1.67407	30	5051.36806	-5.62168	2.30788E-4	5.6261E-4	0.00135
8305.34863	-0.93255	1.67407	30	5051.92919	-4.36931	1.92637E-4	5.66996E-4	0.00112
11905.34119	-0.85409	1.67407	30	5053.28461	-0.95107	2.74202E-4	6.67972E-4	8.19245E-4
15505.36281	-0.89515	1.67407	30	5053.98046	0.45563	1.97599E-4	9.75465E-4	0.00124
19105.3196	-0.76671	1.67407	30	5055.354	3.99144	3.01396E-4	2.48839E-4	8.30989E-4
22705.29697	-0.73039	1.67407	30	5056.06943	5.44316	1.68869E-4	0.00154	0.00104
26305.31646	-0.83732	1.67407	30	5057.47531	9.02006	3.22371E-4	0.00154	-2.96723E-4
29905.34529	-0.99008	1.67407	30	5058.19218	10.46876	1.63871E-4	3.9637E-4	0.00104
33505.20236	-0.63356	1.67407	30	5059.61179	14.10294	2.87541E-4	0.00152	2.46312E-5
37105.28746	-0.98671	1.67407	30	5060.32502	15.53313	1.59497E-4	9.058E-4	0.00123
40705.09974	-0.55247	1.67406	30	5061.70701	19.10058	3.2643E-4	-1.5719E-4	0.00137
44305.18243	-0.9587	1.67405	30	5062.40593	20.54585	1.81227E-4	0.00124	8.48483E-4
47905.09202	-0.84639	1.67405	30	5063.83211	24.1452	3.31135E-4	0.00161	3.56106E-4
51504.98933	-0.68314	1.67407	30	5064.47704	25.35234	7.56147E-5	-5.47593E-6	3.50636E-4
55104.94746	-0.76847	1.67407	30	5064.6672	25.69023	4.54694E-5	-1.86747E-5	7.36197E-4
58704.87061	-0.7363	1.67407	30	5064.72071	25.79161	5.67537E-8	-0.00159	-7.7703E-4
65904.75229	-0.73432	1.67407	30	5064.74609	25.81776	-2.1258E-14	-4.14403E-4	5.68051E-4
69504.6975	-0.72288	1.67407	30	5064.74805	25.82739	1.10245E-13	-6.34689E-4	-3.9514E-4
73104.64424	-0.74054	1.67407	30	5064.74951	25.83094	3.16089E-14	6.56374E-4	8.75188E-4
76704.57037	-0.75048	1.67407	30	5064.74805	25.83111	1.10081E-13	0.00137	-5.34092E-4
62304.79998	-0.74305	1.67407	30	5064.74023	25.83198	2.06556E-9	4.31528E-4	-5.95283E-4
1155.33819	-0.9425	1.67409	32.5	5050.33584	-8.13251	2.07884E-4	1.96177E-4	0.00106
4755.37684	-1.05893	1.67409	32.5	5051.37963	-5.60069	2.37224E-4	1.28466E-4	9.19995E-4
8355.32444	-0.87041	1.67409	32.5	5051.93874	-4.32119	2.03745E-4	9.08572E-4	0.00108
11955.31464	-0.77371	1.67409	32.5	5053.29972	-0.91971	2.71446E-4	0.00118	2.27962E-4
15555.33579	-0.83428	1.67409	32.5	5053.98971	0.49601	1.98576E-4	0.00156	0.00164
19155.29092	-0.71015	1.67409	32.5	5055.36964	4.0215	3.12114E-4	1.68725E-4	8.63469E-4
22755.2727	-0.68035	1.67409	32.5	5056.07888	5.48883	2.09225E-4	0.00107	0.00146
26355.28502	-0.7653	1.67408	32.5	5057.49115	9.05485	3.30816E-4	0.00102	-4.61502E-4
29955.31891	-0.91923	1.67408	32.5	5058.20112	10.51292	1.8737E-4	7.51429E-4	0.00105
33555.19471	-0.62263	1.67406	32.5	5059.62777	14.12486	3.02019E-4	0.00106	3.26136E-4
37155.26074	-0.92644	1.67405	32.5	5060.33343	15.57726	1.51323E-4	0.00109	0.00146
40755.07445	-0.49533	1.67403	32.5	5061.72275	19.13169	3.28088E-4	2.44339E-4	9.7497E-4
44355.15268	-0.87294	1.67402	32.5	5062.41637	20.59507	2.10434E-4	0.00174	4.00679E-4
47955.07009	-0.79623	1.67403	32.5	5063.84673	24.16979	3.13029E-4	0.0015	7.82662E-4
51554.95975	-0.63681	1.67405	32.5	5064.48161	25.36197	9.15559E-5	-3.13577E-6	7.42755E-4
55154.92172	-0.69982	1.67405	32.5	5064.66862	25.69066	3.73563E-5	-2.23929E-4	6.7085E-4
58754.84944	-0.67953	1.67405	32.5	5064.72128	25.78995	1.48364E-5	-6.51011E-4	-4.52313E-4
65954.72751	-0.67116	1.67405	32.5	5064.74634	25.81768	1.52502E-14	-9.26666E-5	7.96134E-4
69554.67202	-0.67349	1.67405	32.5	5064.74805	25.81947	1.10245E-13	2.1305E-4	-3.69479E-4
62354.78635	-0.67779	1.67405	32.5	5064.74024	25.82657	5.71326E-7	1.51871E-4	-2.28335E-4
73154.61763	-0.6886	1.67405	32.5	5064.74951	25.83158	3.04576E-14	5.49169E-5	7.87705E-4
76754.54599	-0.68547	1.67405	32.5	5064.74805	25.83509	6.74675E-14	2.26937E-5	-3.16373E-4
1205.29008	-0.81884	1.67411	35	5050.34509	-8.08582	2.12566E-4	5.53364E-4	0.00129
4805.34386	-0.99116	1.67411	35	5051.3912	-5.57972	2.43519E-4	-3.03004E-4	4.91848E-4
8405.30022	-0.80812	1.67411	35	5051.9483	-4.27304	2.14866E-4	0.00125	0.00105
12005.28805	-0.69327	1.67411	35	5053.31483	-0.88838	2.68742E-4	0.00168	-3.58117E-4
15605.30876	-0.77341	1.67411	35	5053.99896	0.53646	1.99624E-4	0.00215	0.00204
19205.26226	-0.65355	1.67411	35	5055.38527	4.05155	3.22781E-4	8.86611E-5	8.95137E-4
22805.24844	-0.63032	1.67411	35	5056.08834	5.53451	2.49449E-4	5.9634E-4	0.00187
26405.2536	-0.69328	1.6741	35	5057.50699	9.08959	3.39197E-4	4.99184E-4	-6.24511E-4
30005.29249	-0.84833	1.67409	35	5058.21008	10.55714	2.10769E-4	0.00111	0.00107
33605.18701	-0.6115	1.67405	35	5059.64374	14.1468	3.16448E-4	5.94368E-4	6.2682E-4
37205.23401	-0.86611	1.67403	35	5060.34184	15.62134	1.43321E-4	0.00126	0.0017
40805.04917	-0.43815	1.67401	35	5061.7385	19.16278	3.2971E-4	6.45379E-4	5.80758E-4
44405.1229	-0.78722	1.674	35	5062.4268	20.64439	2.3953E-4	0.00223	-4.30427E-5
48005.04813	-0.74596	1.67401	35	5063.86136	24.19439	2.94946E-4	0.00138	0.0012
51604.93019	-0.59047	1.67403	35	5064.48618	25.37159	1.07421E-4	-1.50375E-7	0.00113
55204.89596	-0.63117	1.67403	35	5064.67005	25.6911	2.9247E-5	-4.27134E-4	6.05414E-4
58804.82827	-0.62273	1.67403	35	5064.72185	25.78827	2.95276E-5	2.88125E-4	-1.2862E-4
69604.64654	-0.62403	1.67403	35	5064.74805	25.8116	1.10245E-13	0.00106	-3.44377E-4
66004.70273	-0.60802	1.67403	35	5064.74658	25.81764	5.16222E-14	2.272E-4	0.00102
62404.77268	-0.61253	1.67403	35	5064.74024	25.82118	1.13829E-6	-1.24282E-4	1.37918E-4
73204.59101	-0.63659	1.67403	35	5064.74951	25.83224	2.93135E-14	-5.44209E-4	6.99915E-4
76804.52161	-0.62047	1.67403	35	5064.74805	25.83903	2.51065E-14	-0.00132	-9.97439E-5
1255.24568	-0.70177	1.67418	37.5	5050.35491	-8.04394	2.10662E-4	9.54129E-4	0.00104
4855.31923	-0.91685	1.67418	37.5	5051.40277	-5.56265	2.21634E-4	-2.00268E-4	5.54874E-4
8455.26847	-0.70649	1.67418	37.5	5051.95839	-4.21944	2.2944E-4	8.51526E-4	0.00131
12055.25019	-0.59405	1.67418	37.5	5053.32956	-0.86416	2.81476E-4	9.06945E-4	5.95492E-4
15655.28159	-0.70813	1.67418	37.5	5054.00842	0.59569	2.19399E-4	0.00132	0.00154
19255.23832	-0.58388	1.67418	37.5	5055.40065	4.07499	3.1588E-4	2.61287E-5	6.43398E-4
22855.22963	-0.58059	1.67418	37.5	5056.09887	5.58633	2.4225E-4	9.43127E-4	0.00163
26455.22937	-0.62496	1.67417	37.5	5057.52263	9.11344	3.28099E-4	5.05459E-4	-2.50372E-4
30055.25878	-0.76648	1.67416	37.5	5058.22068	10.61381	2.11862E-4	0.0013	0.00116
33655.15902	-0.53327	1.67412	37.5	5059.65907	14.17606	3.14262E-4	0.00117	6.50551E-4
37255.20454	-0.79183	1.6741	37.5	5060.35098	15.65729	1.73381E-4	5.03264E-4	0.00161
40855.02214	-0.35734	1.67407	37.5	5061.75389	19.18409	3.11254E-4	7.7603E-4	5.57658E-4
44455.08648	-0.71069	1.67407	37.5	5062.43756	20.71729	2.42134E-4	0.002	4.85646E-4
48055.01554	-0.66474	1.67408	37.5	5063.87541	24.2257	2.82674E-4	6.52028E-4	4.842E-4
51654.9088	-0.53622	1.67409	37.5	5064.49053	25.3769	9.44612E-5	2.47709E-4	0.00112
55254.86399	-0.56415	1.67409	37.5	5064.67177	25.69364	2.22985E-5	1.86647E-5	5.11546E-4
58854.80181	-0.55723	1.67409	37.5	5064.72201	25.78346	1.47488E-5	7.13762E-4	-1.46151E-4
69654.61886	-0.5491	1.67409	37.5	5064.74805	25.81652	1.10245E-13	1.16619E-4	-5.07209E-4
62454.74488	-0.54888	1.67409	37.5	5064.74048	25.82027	9.64099E-7	7.3231E-4	2.7907E-4
76854.49957	-0.55501	1.67409	37.5	5064.74805	25.83026	6.77224E-14	1.96152E-4	-2.48963E-4
66054.67968	-0.5499	1.67409	37.5	5064.74658	25.83115	4.08991E-14	-9.91292E-5	4.80235E-4
73254.56124	-0.5637	1.67409	37.5	5064.74951	25.8373	3.04647E-14	-4.06757E-4	5.15034E-4
1305.2013	-0.58477	1.67426	40	5050.36473	-8.00204	2.08765E-4	0.00135	7.94147E-4
4905.29461	-0.84259	1.67426	40	5051.41433	-5.54554	1.99865E-4	-9.8716E-5	6.17604E-4
8505.23674	-0.60498	1.67426	40	5051.96849	-4.16584	2.43966E-4	4.59077E-4	0.00157
12105.21235	-0.49488	1.67426	40	5053.34429	-0.83993	2.94191E-4	1.34396E-4	0.00155
15705.25443	-0.64281	1.67426	40	5054.01789	0.6549	2.39128E-4	4.97201E-4	0.00104
19305.21438	-0.5142	1.67426	40	5055.41602	4.09845	3.09008E-4	-3.56421E-5	3.92746E-4
22905.21082	-0.53081	1.67426	40	5056.1094	5.63816	2.35117E-4	0.00129	0.00139
26505.20514	-0.55662	1.67425	40	5057.53826	9.1373	3.17E-4	5.12216E-4	1.24385E-4
30105.22509	-0.68458	1.67423	40	5058.23127	10.67048	2.12996E-4	0.0015	0.00125
33705.13105	-0.4551	1.67418	40	5059.6744	14.20532	3.1203E-4	0.00173	6.74849E-4
37305.17507	-0.71758	1.67416	40	5060.36013	15.6933	2.03328E-4	-2.52051E-4	0.00152
40904.9951	-0.27655	1.67413	40	5061.76928	19.20541	2.92812E-4	9.06551E-4	5.34685E-4
44505.05009	-0.63415	1.67414	40	5062.44833	20.79013	2.4476E-4	0.00177	0.00101
48104.98298	-0.58357	1.67415	40	5063.88947	24.25699	2.70418E-4	-7.07518E-5	-2.3479E-4
51704.88741	-0.48199	1.67416	40	5064.49488	25.38221	8.15218E-5	4.93907E-4	0.0011
55304.83204	-0.49715	1.67416	40	5064.6735	25.69618	1.53796E-5	4.62518E-4	4.17768E-4
58904.77536	-0.4917	1.67416	40	5064.72217	25.77867	1.69843E-8	0.00114	-1.63756E-4
62504.71709	-0.48525	1.67416	40	5064.74071	25.81935	7.89446E-7	0.00159	4.19949E-4
69704.59117	-0.47419	1.67416	40	5064.74805	25.82144	1.10245E-13	-8.20406E-4	-6.69385E-4
76904.47752	-0.48957	1.67416	40	5064.74805	25.82155	1.10245E-13	0.00171	-3.98801E-4
73304.53149	-0.49083	1.67416	40	5064.74951	25.84233	3.16136E-14	-2.69605E-4	3.29803E-4
66104.65662	-0.49177	1.67416	40	5064.74658	25.84461	3.02202E-14	-4.24172E-4	-6.08108E-5
1355.16767	-0.49926	1.67437	42.5	5050.37641	-7.94812	2.09423E-4	0.0011	0.0011
4955.27251	-0.78315	1.67437	42.5	5051.4257	-5.51588	2.07559E-4	-2.99637E-4	6.04768E-4
8555.21273	-0.55475	1.67437	42.5	5051.98017	-4.11148	2.3951E-4	0.00139	0.00153
12155.18604	-0.42229	1.67437	42.5	5053.35856	-0.80867	2.96568E-4	1.58094E-4	9.01896E-4
15755.22909	-0.56262	1.67437	42.5	5054.02896	0.70689	2.42128E-4	6.36359E-4	0.00117
19355.18877	-0.43802	1.67437	42.5	5055.43091	4.12399	3.17543E-4	3.03321E-4	7.1362E-4
22955.19139	-0.45979	1.67437	42.5	5056.12083	5.69163	2.60566E-4	0.00182	0.00155
26555.17967	-0.47651	1.67435	42.5	5057.55315	9.16384	3.05476E-4	7.26418E-4	7.65456E-4
30155.19828	-0.58993	1.67434	42.5	5058.24268	10.7275	2.27402E-4	0.00174	0.00106
33755.10785	-0.40422	1.67431	42.5	5059.68928	14.23885	2.84911E-4	9.30445E-4	0.00101
37355.14968	-0.65148	1.67429	42.5	5060.37061	15.74682	2.00133E-4	4.80861E-4	0.00132
40954.96754	-0.21438	1.67428	42.5	5061.78398	19.2347	2.92616E-4	8.56787E-4	6.87298E-4
44555.02635	-0.55338	1.67428	42.5	5062.46086	20.84234	2.55263E-4	0.00121	9.99988E-4
48154.96201	-0.52367	1.67428	42.5	5063.90313	24.28375	2.64387E-4	4.81666E-4	-2.77596E-4
51754.86957	-0.43769	1.67428	42.5	5064.49891	25.39153	7.89982E-5	-1.00835E-4	8.51575E-4
55354.81106	-0.43514	1.67428	42.5	5064.67419	25.69826	2.2759E-5	-3.33871E-5	3.67701E-4
58954.74934	-0.41679	1.67428	42.5	5064.72275	25.78502	8.36503E-6	6.37191E-4	-2.18188E-4
62554.69309	-0.42381	1.67428	42.5	5064.74096	25.81447	3.94484E-7	7.68052E-4	4.28766E-4
69754.56587	-0.41449	1.67428	42.5	5064.74805	25.82902	1.10245E-13	-8.58903E-4	-5.13366E-4
73354.51025	-0.43036	1.67428	42.5	5064.74951	25.83497	3.16136E-14	-2.77717E-4	-2.47118E-5
66154.63236	-0.42433	1.67428	42.5	5064.74658	25.83691	4.0943E-14	-1.2704E-4	-2.55845E-4
76954.45317	-0.42763	1.67428	42.5	5064.74805	25.83873	1.10245E-13	6.36971E-4	-8.31778E-4
1405.13407	-0.41378	1.67448	45	5050.38809	-7.89421	2.10105E-4	8.54229E-4	0.0014
5005.25043	-0.72373	1.67448	45	5051.43706	-5.48625	2.15251E-4	-5.00398E-4	5.91693E-4
8605.18874	-0.50449	1.67448	45	5051.99185	-4.0571	2.351E-4	0.00231	0.00149
12205.15974	-0.34969	1.67448	45	5053.37283	-0.7774	2.98939E-4	1.82324E-4	2.58118E-4
15805.20374	-0.48243	1.67448	45	5054.04004	0.7589	2.4515E-4	7.75608E-4	0.0013
19405.16316	-0.36183	1.67448	45	5055.44579	4.14955	3.26045E-4	6.42301E-4	0.00103
23005.17197	-0.38878	1.67448	45	5056.13227	5.74513	2.85987E-4	0.00235	0.00171
26605.1542	-0.39641	1.67446	45	5057.56805	9.19038	2.93962E-4	9.40307E-4	0.00141
30205.17145	-0.49528	1.67445	45	5058.25409	10.78451	2.41801E-4	0.00199	8.75885E-4
33805.08466	-0.35333	1.67443	45	5059.70415	14.27238	2.57809E-4	1.27807E-4	0.00134
37405.12429	-0.58533	1.67443	45	5060.3811	15.80035	1.97003E-4	0.00121	0.00112
41004.93998	-0.1522	1.67442	45	5061.79867	19.26399	2.92419E-4	8.07022E-4	8.3991E-4
44605.00262	-0.47263	1.67441	45	5062.47341	20.89455	2.65764E-4	6.47407E-4	9.876E-4
48204.94105	-0.46376	1.6744	45	5063.91679	24.31048	2.58343E-4	0.00103	-3.20017E-4
51804.85174	-0.39338	1.6744	45	5064.50294	25.40085	7.64835E-5	-6.94244E-4	5.98793E-4
55404.79007	-0.37312	1.6744	45	5064.67488	25.70033	3.01277E-5	-5.28618E-4	3.1785E-4
59004.72333	-0.34188	1.6744	45	5064.72334	25.79135	1.67035E-5	1.37633E-4	-2.72775E-4
62604.66908	-0.36235	1.6744	45	5064.74121	25.80962	2.8505E-14	-4.8179E-5	4.37331E-4
73404.489	-0.36988	1.6744	45	5064.74951	25.82763	3.16136E-14	-2.8614E-4	-3.78873E-4
66204.6081	-0.35689	1.6744	45	5064.74658	25.82922	5.16531E-14	1.69779E-4	-4.50542E-4
69804.54057	-0.35478	1.6744	45	5064.74805	25.8366	1.10245E-13	-8.97081E-4	-3.57394E-4
77004.42883	-0.36567	1.6744	45	5064.74805	25.85587	1.10245E-13	-4.30357E-4	-0.00126
1455.11913	-0.36709	1.67465	47.5	5050.40022	-7.84755	2.31863E-4	0.00151	0.00137
5055.23497	-0.67052	1.67465	47.5	5051.44782	-5.46632	2.22423E-4	-6.48131E-4	4.99253E-4
8655.1742	-0.43683	1.67465	47.5	5052.00518	-3.98904	2.60383E-4	0.00239	0.00108
12255.13766	-0.27708	1.67465	47.5	5053.38683	-0.75167	2.93791E-4	8.71911E-4	1.94264E-4
15855.17946	-0.40937	1.67465	47.5	5054.0526	0.81827	2.61593E-4	9.69124E-4	0.00122
19455.14066	-0.28309	1.67465	47.5	5055.46043	4.18387	2.96886E-4	0.001	6.59379E-4
23055.1494	-0.32368	1.67465	47.5	5056.14539	5.81384	2.89177E-4	0.00146	0.00145
26655.1294	-0.32393	1.67464	47.5	5057.58258	9.21988	2.9069E-4	9.12517E-4	0.00145
30255.13714	-0.39446	1.67464	47.5	5058.26677	10.84074	2.5316E-4	0.00158	9.32753E-4
33855.06893	-0.29781	1.67461	47.5	5059.71857	14.29699	2.5034E-4	2.70282E-4	9.65356E-4
37455.09991	-0.49927	1.6746	47.5	5060.39295	15.86114	2.19856E-4	9.12159E-4	0.00123
41054.92234	-0.08357	1.67458	47.5	5061.81276	19.3002	2.77262E-4	5.50319E-4	7.32317E-4
44654.98345	-0.40004	1.67458	47.5	5062.48729	20.94549	2.75409E-4	0.00207	0.0012
48254.92012	-0.39903	1.67458	47.5	5063.93003	24.32061	2.45498E-4	3.83456E-4	-1.54633E-4
51854.84094	-0.34195	1.67458	47.5	5064.50707	25.40789	8.1059E-5	-2.29199E-4	4.28666E-4
55454.76771	-0.30377	1.67458	47.5	5064.6762	25.70062	2.8869E-5	-4.75453E-4	4.43336E-4
59054.70402	-0.27651	1.67458	47.5	5064.72364	25.78805	1.62865E-5	3.3745E-4	-4.70032E-4
62654.64632	-0.29333	1.67458	47.5	5064.74121	25.82048	2.8505E-14	8.57655E-5	2.37888E-4
66254.58531	-0.29157	1.67458	47.5	5064.74658	25.8324	5.16531E-14	2.03734E-4	-3.63884E-4
73454.46406	-0.29916	1.67458	47.5	5064.74951	25.83307	3.16136E-14	-5.50947E-4	-4.41649E-4
69854.52407	-0.28417	1.67458	47.5	5064.74805	25.8363	1.10245E-13	-6.29114E-4	-2.46764E-4
77054.40249	-0.28616	1.67458	47.5	5064.74805	25.84484	1.10245E-13	6.08557E-5	-8.57935E-4
1505.1042	-0.32041	1.67483	50	5050.41236	-7.8009	2.53611E-4	0.00217	0.00133
5105.21957	-0.61747	1.67483	50	5051.45858	-5.44639	2.29505E-4	-7.92814E-4	4.07022E-4
8705.15967	-0.36921	1.67483	50	5052.0185	-3.92101	2.85641E-4	0.00247	6.74639E-4
12305.11559	-0.20446	1.67483	50	5053.40083	-0.72593	2.88642E-4	0.00156	1.3041E-4
15905.15519	-0.3363	1.67483	50	5054.06516	0.87765	2.78035E-4	0.00116	0.00115
19505.11816	-0.20434	1.67483	50	5055.47506	4.21819	2.67726E-4	0.00136	2.84871E-4
23105.12683	-0.25858	1.67483	50	5056.15851	5.88254	2.9237E-4	5.73664E-4	0.0012
26705.1046	-0.25144	1.67483	50	5057.5971	9.24939	2.87416E-4	8.84624E-4	0.0015
30305.10284	-0.29364	1.67483	50	5058.27945	10.89698	2.64529E-4	0.00118	9.89636E-4
33905.0532	-0.24229	1.6748	50	5059.73299	14.32161	2.42877E-4	4.12744E-4	5.90823E-4
37505.07554	-0.41322	1.67478	50	5060.4048	15.92192	2.42698E-4	6.14819E-4	0.00136
41104.9047	-0.01493	1.67475	50	5061.82684	19.33641	2.62098E-4	2.93537E-4	6.24625E-4
44704.96427	-0.32743	1.67474	50	5062.50117	20.99644	2.8507E-4	0.0035	0.00142
48304.8992	-0.33429	1.67475	50	5063.94328	24.33078	2.32691E-4	-2.64121E-4	1.08856E-5
51904.83013	-0.29052	1.67476	50	5064.51119	25.41492	8.56237E-5	2.35349E-4	2.58505E-4
55504.74536	-0.23441	1.67476	50	5064.67752	25.70091	2.76062E-5	-4.22262E-4	5.68638E-4
59104.68472	-0.21114	1.67476	50	5064.72395	25.78474	1.58671E-5	5.37123E-4	-6.67069E-4
62704.62356	-0.22431	1.67476	50	5064.74121	25.83133	1.17676E-9	2.19805E-4	3.85519E-5
77104.37615	-0.20666	1.67476	50	5064.74805	25.83382	1.10245E-13	5.52081E-4	-4.52109E-4
66304.56252	-0.22624	1.67476	50	5064.74658	25.83558	5.16531E-14	2.37693E-4	-2.77161E-4
69904.50757	-0.21356	1.67476	50	5064.74805	25.83599	1.10245E-13	-3.60978E-4	-1.36314E-4
73504.43911	-0.22843	1.67476	50	5064.74951	25.8385	3.16136E-14	-8.15639E-4	-5.04357E-4
1555.09605	-0.27223	1.67507	52.5	5050.42511	-7.76615	2.55737E-4	0.00201	9.32114E-4
5155.22523	-0.63379	1.67507	52.5	5051.46915	-5.42714	1.99057E-4	3.33538E-4	4.02105E-4
8755.14487	-0.3337	1.67507	52.5	5052.03326	-3.87377	2.86962E-4	0.00172	9.42318E-4
12355.09854	-0.13527	1.67507	52.5	5053.41446	-0.70057	2.76221E-4	9.77644E-4	4.56752E-5
15955.13671	-0.25219	1.67507	52.5	5054.07901	0.94083	2.92622E-4	0.00105	0.00151
19555.09834	-0.1289	1.67507	52.5	5055.48918	4.24095	2.78315E-4	7.58388E-4	-1.13701E-4
23155.11093	-0.19469	1.67507	52.5	5056.17305	5.92402	3.03822E-4	1.27738E-4	0.00145
26755.08788	-0.18869	1.67507	52.5	5057.6114	9.27512	2.78898E-4	5.20486E-4	0.00104
30355.07721	-0.19764	1.67507	52.5	5058.29364	10.95835	2.88856E-4	0.00193	0.00107
33955.0422	-0.19155	1.67504	52.5	5059.74689	14.35207	2.56528E-4	5.06102E-4	2.01992E-4
37555.0512	-0.3353	1.67502	52.5	5060.41794	15.97634	2.5846E-4	0.00142	0.00224
41154.88889	0.03599	1.67498	52.5	5061.84089	19.35238	2.48141E-4	0.00103	9.51085E-4
44754.93095	-0.23101	1.67497	52.5	5062.51653	21.06166	3.07782E-4	0.0026	0.00186
48354.88085	-0.26498	1.67497	52.5	5063.95654	24.37218	2.58423E-4	-8.09384E-5	3.08707E-4
51954.81228	-0.24141	1.67498	52.5	5064.51595	25.41505	7.70526E-5	9.97521E-5	4.62891E-5
55554.7304	-0.16424	1.67498	52.5	5064.67836	25.70754	1.38049E-5	-2.9274E-4	1.41182E-4
59154.66773	-0.14687	1.67498	52.5	5064.72428	25.78993	7.93495E-6	2.89513E-4	-1.81232E-4
62754.60681	-0.15929	1.67498	52.5	5064.74142	25.82981	3.93332E-6	6.69912E-4	1.95577E-4
69954.49184	-0.16232	1.67498	52.5	5064.74805	25.83383	1.10245E-13	3.49694E-4	-4.93204E-4
66354.54585	-0.15298	1.67498	52.5	5064.74658	25.83448	5.16531E-14	2.86617E-4	4.33957E-5
73554.42183	-0.15439	1.67498	52.5	5064.74951	25.84135	3.16136E-14	-5.45205E-4	-2.52753E-4
77154.36125	-0.15246	1.67498	52.5	5064.74805	25.84334	1.10245E-13	0.00113	9.19495E-5
1605.08789	-0.22406	1.67531	55	5050.43786	-7.7314	2.57867E-4	0.00186	5.31926E-4
5205.23087	-0.65005	1.67531	55	5051.47972	-5.40791	1.68765E-4	0.00146	3.9741E-4
8805.13008	-0.29818	1.67531	55	5052.04801	-3.82653	2.88298E-4	9.64805E-4	0.00121
12405.0815	-0.06608	1.67531	55	5053.42808	-0.6752	2.638E-4	3.93685E-4	-3.90608E-5
16005.11823	-0.16809	1.67531	55	5054.09286	1.004	3.0721E-4	9.38071E-4	0.00187
19605.07852	-0.05345	1.67531	55	5055.5033	4.2637	2.88904E-4	1.58827E-4	-5.12274E-4
23205.09502	-0.13079	1.67531	55	5056.18758	5.96549	3.15275E-4	-3.18189E-4	0.00171
26805.07117	-0.12593	1.67531	55	5057.6257	9.30086	2.70381E-4	1.56349E-4	5.714E-4
30405.05157	-0.10164	1.67531	55	5058.30783	11.01972	3.13183E-4	0.00267	0.00114
34005.03119	-0.14081	1.67528	55	5059.76079	14.38253	2.70179E-4	5.9946E-4	-1.86839E-4
37605.02686	-0.25739	1.67525	55	5060.43109	16.03076	2.74225E-4	0.00223	0.00312
41204.87308	0.08689	1.67521	55	5061.85493	19.36833	2.34186E-4	0.00178	0.00128
44804.89762	-0.13459	1.67519	55	5062.53189	21.12689	3.30495E-4	0.00169	0.0023
48404.8625	-0.19567	1.67519	55	5063.9698	24.41358	2.84148E-4	1.02147E-4	6.06323E-4
52004.79443	-0.19231	1.6752	55	5064.52071	25.41518	6.8483E-5	-3.58915E-5	-1.65885E-4
55604.71543	-0.09407	1.6752	55	5064.6792	25.71418	3.67851E-9	-1.63217E-4	-2.86275E-4
59204.65073	-0.0826	1.67521	55	5064.72461	25.79512	2.84746E-9	4.19033E-5	3.04606E-4
62804.59007	-0.09426	1.67521	55	5064.74164	25.82828	7.86546E-6	0.00112	3.52602E-4
70004.47611	-0.11108	1.67521	55	5064.74805	25.83167	1.10245E-13	0.00106	-8.50094E-4
66404.52918	-0.07972	1.67521	55	5064.74658	25.83339	5.16531E-14	3.35541E-4	3.63952E-4
73604.40455	-0.08035	1.67521	55	5064.74951	25.8442	3.16136E-14	-2.74771E-4	-1.14845E-6
77204.34636	-0.09826	1.67521	55	5064.74805	25.85286	1.10245E-13	0.0017	6.36008E-4
1655.08486	-0.20526	1.67556	57.5	5050.4516	-7.6879	2.78912E-4	0.00149	5.51592E-4
5255.22828	-0.64258	1.67556	57.5	5051.49028	-5.39442	1.98132E-4	0.00135	4.77002E-4
8855.12511	-0.25052	1.67556	57.5	5052.06441	-3.74862	3.26142E-4	0.00177	0.00117
12455.06508	-0.00211	1.67556	57.5	5053.44147	-0.66307	2.6869E-4	2.42764E-4	1.75663E-4
16055.11182	-0.14204	1.67556	57.5	5054.1083	1.06197	3.06486E-4	9.51167E-4	0.00185
19655.05907	0.02601	1.67556	57.5	5055.51708	4.29077	2.79058E-4	1.17579E-4	3.96591E-4
23255.08209	-0.08046	1.67556	57.5	5056.20353	6.04645	3.17964E-4	8.4509E-4	0.00152
26855.05085	-0.05505	1.67558	57.5	5057.63943	9.32304	2.6155E-4	5.40565E-4	3.93573E-4
30455.02892	-0.01499	1.67559	57.5	5058.32349	11.08027	3.31597E-4	0.00129	0.00147
34055.01706	-0.08163	1.67557	57.5	5059.77444	14.39912	2.73921E-4	3.11405E-4	4.83509E-4
37655.00462	-0.17344	1.67555	57.5	5060.44554	16.08636	2.9523E-4	0.00217	0.00231
41254.85194	0.19059	1.67551	57.5	5061.86875	19.40209	2.43388E-4	7.28469E-4	0.00103
44854.87771	-0.05826	1.67549	57.5	5062.54845	21.19002	3.22749E-4	0.00132	0.00175
48454.85236	-0.14222	1.67546	57.5	5063.98239	24.43198	2.81113E-4	-7.39408E-5	1.50014E-4
52054.78747	-0.13414	1.67546	57.5	5064.5237	25.42967	7.3313E-5	-5.86835E-4	-3.32712E-6
55654.69556	-0.03676	1.67546	57.5	5064.68012	25.71207	7.43119E-6	-3.63788E-4	-3.73815E-4
59254.63639	-0.02094	1.67546	57.5	5064.7251	25.79901	4.0187E-14	3.45286E-4	3.05103E-4
62854.57522	-0.02494	1.67546	57.5	5064.74167	25.82723	3.93608E-6	0.00114	5.74342E-4
66454.51565	-0.02787	1.67546	57.5	5064.74658	25.82741	5.16531E-14	-5.58102E-5	-2.94251E-4
73654.39167	-0.02551	1.67546	57.5	5064.74951	25.82833	3.16136E-14	3.23524E-4	8.91432E-5
70054.46096	-0.04186	1.67546	57.5	5064.7482	25.83261	8.18667E-6	4.68839E-4	-9.44364E-4
77254.32869	-0.02821	1.67546	57.5	5064.74805	25.84026	1.10245E-13	8.68275E-4	-8.17546E-5
1705.08183	-0.18647	1.67582	60	5050.46534	-7.6444	2.99958E-4	0.00112	5.71272E-4
5305.22571	-0.63503	1.67582	60	5051.50083	-5.3809	2.27402E-4	0.00124	5.55641E-4
8905.12013	-0.20286	1.67582	60	5052.08081	-3.67071	3.63978E-4	0.00257	0.00112
12505.04867	0.06186	1.67582	60	5053.45486	-0.65095	2.73593E-4	9.21751E-5	3.90616E-4
16105.10541	-0.11599	1.67582	60	5054.12374	1.11993	3.05762E-4	9.64266E-4	0.00182
19705.03963	0.10547	1.67582	60	5055.53087	4.31783	2.69194E-4	7.67894E-5	0.00131
23305.06916	-0.03013	1.67582	60	5056.21949	6.12742	3.2065E-4	0.00201	0.00132
26905.03054	0.01583	1.67584	60	5057.65316	9.34522	2.52719E-4	9.25054E-4	2.1585E-4
30505.00627	0.07165	1.67586	60	5058.33915	11.14082	3.50009E-4	-9.12901E-5	0.00179
34105.00292	-0.02245	1.67586	60	5059.78808	14.4157	2.77662E-4	2.32875E-5	0.00115
37704.98239	-0.08949	1.67584	60	5060.45999	16.14196	3.16235E-4	0.0021	0.0015
41304.83079	0.29438	1.6758	60	5061.88258	19.43587	2.52631E-4	-3.23674E-4	7.77203E-4
44904.85779	0.01806	1.67578	60	5062.56501	21.25316	3.14996E-4	9.48758E-4	0.0012
48504.84221	-0.08876	1.67573	60	5063.99498	24.45038	2.78077E-4	-2.50028E-4	-3.06296E-4
52104.78051	-0.07597	1.67571	60	5064.52669	25.44416	7.8143E-5	-0.00114	1.5923E-4
55704.67568	0.02055	1.67571	60	5064.68104	25.70996	1.48644E-5	-5.64447E-4	-4.61265E-4
59304.62205	0.04072	1.67571	60	5064.72559	25.8029	2.33859E-14	6.48867E-4	3.05425E-4
73704.37879	0.02931	1.67571	60	5064.74951	25.81246	3.16136E-14	9.21976E-4	1.79358E-4
66504.50213	0.02397	1.67571	60	5064.74658	25.82143	5.16531E-14	-4.47332E-4	-9.52834E-4
62904.56038	0.04437	1.67571	60	5064.7417	25.82618	3.79276E-9	0.00117	7.96106E-4
77304.31102	0.04185	1.67571	60	5064.74805	25.82765	1.10245E-13	3.58471E-5	-8.00071E-4
70104.4458	0.02735	1.67571	60	5064.74835	25.83355	1.63754E-5	-1.23009E-4	-0.00104
1755.08306	-0.15565	1.67609	62.5	5050.47966	-7.59585	3.12939E-4	0.0019	9.62804E-4
5355.23296	-0.59668	1.67609	62.5	5051.51076	-5.35682	2.18194E-4	6.31394E-4	2.56471E-4
8955.11117	-0.15086	1.67609	62.5	5052.09843	-3.60383	3.61923E-4	0.00232	0.00135
12555.03818	0.1111	1.67609	62.5	5053.46776	-0.62504	2.658E-4	3.68538E-4	5.11787E-4
16155.096	-0.06333	1.67609	62.5	5054.14058	1.19374	3.26847E-4	7.71716E-4	0.00184
19755.02903	0.15775	1.67609	62.5	5055.54402	4.34097	2.60786E-4	3.25279E-4	0.00103
23355.06004	0.02845	1.67609	62.5	5056.23709	6.187	3.51193E-4	0.00181	0.00113
26955.02169	0.07305	1.67611	62.5	5057.66678	9.36923	2.62957E-4	6.15594E-4	2.70652E-4
30554.98878	0.13141	1.67613	62.5	5058.35646	11.20314	3.541E-4	4.17271E-4	0.00158
34154.98691	0.03078	1.67613	62.5	5059.80117	14.44977	2.76031E-4	9.25563E-4	9.62666E-4
37754.9642	-0.01189	1.67612	62.5	5060.47579	16.21185	3.20759E-4	0.00169	0.00125
41354.81458	0.34196	1.67608	62.5	5061.89557	19.45659	2.59306E-4	1.69532E-4	6.78084E-4
44954.84207	0.09231	1.67605	62.5	5062.58283	21.31287	3.33437E-4	9.19861E-4	0.00132
48554.8315	-0.04177	1.676	62.5	5064.00716	24.4754	2.67222E-4	-8.86702E-5	3.19675E-5
52154.77124	-0.03695	1.67599	62.5	5064.53074	25.44854	7.7876E-5	-1.41201E-4	4.40111E-5
55754.66493	0.08997	1.67598	62.5	5064.68312	25.71671	1.85144E-5	-5.15386E-4	-9.19843E-5
59354.60704	0.09712	1.67598	62.5	5064.72632	25.79711	1.32046E-8	4.63212E-4	6.95163E-4
66554.48523	0.0789	1.67598	62.5	5064.74658	25.82333	5.16531E-14	-5.01545E-4	-6.22376E-4
73754.36816	0.08192	1.67598	62.5	5064.74951	25.8288	3.16136E-14	5.17223E-4	3.51365E-4
62954.54503	0.09618	1.67598	62.5	5064.7417	25.83005	2.87548E-14	4.70318E-4	7.02286E-4
70154.43036	0.08795	1.67598	62.5	5064.74844	25.83845	8.20068E-6	-1.16556E-4	-8.472E-4
77354.29843	0.08928	1.67598	62.5	5064.74805	25.84185	6.767E-14	-1.57962E-4	5.98199E-6
1805.08428	-0.12484	1.67636	65	5050.49397	-7.5473	3.2592E-4	0.00268	0.00135
5405.24016	-0.55829	1.67636	65	5051.52069	-5.33276	2.08935E-4	2.1784E-5	-4.13403E-5
9005.10222	-0.09886	1.67636	65	5052.11605	-3.53695	3.59868E-4	0.00206	0.00158
12605.02771	0.16032	1.67636	65	5053.48065	-0.5991	2.57989E-4	6.45509E-4	6.32825E-4
16205.08659	-0.01065	1.67636	65	5054.15742	1.26756	3.47939E-4	5.79108E-4	0.00185
19805.01845	0.20998	1.67636	65	5055.55716	4.36411	2.52381E-4	5.74231E-4	7.58555E-4
23405.05093	0.08703	1.67636	65	5056.2547	6.24656	3.81757E-4	0.00161	9.34597E-4
27005.01286	0.13024	1.67638	65	5057.6804	9.39324	2.73217E-4	3.05317E-4	3.25728E-4
30604.9713	0.19114	1.6764	65	5058.37377	11.26545	3.58173E-4	9.28219E-4	0.00136
34204.97091	0.08401	1.6764	65	5059.81425	14.48386	2.74396E-4	0.00183	7.70677E-4
37804.94602	0.06571	1.67639	65	5060.4916	16.28175	3.25277E-4	0.00127	0.00101
41404.79839	0.38939	1.67635	65	5061.90855	19.47727	2.65975E-4	6.66714E-4	5.79357E-4
45004.82635	0.16657	1.67632	65	5062.60064	21.37258	3.51904E-4	8.91316E-4	0.00144
48604.82079	0.00522	1.67628	65	5064.01933	24.50043	2.56365E-4	7.27331E-5	3.70337E-4
52204.76198	0.00208	1.67626	65	5064.5348	25.45292	7.76083E-5	8.55634E-4	-7.12545E-5
55804.65419	0.15941	1.67626	65	5064.6852	25.72346	2.21604E-5	-4.66059E-4	2.77782E-4
59404.59204	0.15352	1.67626	65	5064.72705	25.79132	2.64216E-8	2.77101E-4	0.00109
66604.46832	0.13384	1.67626	65	5064.74658	25.82523	5.16531E-14	-5.55445E-4	-2.91E-4
63004.52969	0.14797	1.67626	65	5064.7417	25.83392	2.87548E-14	-2.27358E-4	6.08162E-4
70204.41493	0.14853	1.67626	65	5064.74854	25.84335	1.20415E-8	-1.09591E-4	-6.55588E-4
73804.35752	0.13452	1.67626	65	5064.74951	25.84518	3.16136E-14	1.11474E-4	5.23453E-4
77404.28585	0.13668	1.67626	65	5064.74805	25.85609	2.5046E-14	-3.51039E-4	8.13783E-4
1855.06991	-0.07767	1.67665	67.5	5050.50889	-7.50421	3.35152E-4	0.00204	0.00123
5455.22885	-0.50444	1.67665	67.5	5051.53036	-5.31684	1.81764E-4	3.65859E-5	1.43877E-4
9055.07506	0.04571	1.67665	67.5	5052.13506	-3.46652	3.55857E-4	0.00183	0.0017
12655.01718	0.20408	1.67665	67.5	5053.49292	-0.572	2.56165E-4	6.82203E-4	0.00105
16255.07341	0.03317	1.67665	67.5	5054.17548	1.33443	3.51559E-4	8.48053E-4	0.00163
19855.0072	0.25371	1.67665	67.5	5055.56968	4.38915	2.70981E-4	3.18159E-4	7.72698E-4
23455.03999	0.13356	1.67665	67.5	5056.27343	6.32102	3.83459E-4	0.00212	0.00146
27055.00002	0.18105	1.67666	67.5	5057.69328	9.42086	2.68633E-4	2.28469E-4	2.97696E-4
30654.9614	0.24248	1.67667	67.5	5058.392	11.33032	3.67774E-4	0.00134	0.00178
34254.96204	0.12011	1.67666	67.5	5059.8272	14.50791	2.53031E-4	2.90293E-4	4.67862E-4
37854.9253	0.15223	1.67664	67.5	5060.50864	16.33728	3.46726E-4	0.00138	8.97264E-4
41454.78738	0.43493	1.6766	67.5	5061.92105	19.49198	2.60773E-4	2.81722E-4	5.80069E-4
45054.81912	0.19072	1.67657	67.5	5062.61944	21.43587	3.73881E-4	0.00112	0.00131
48654.81512	0.03865	1.67653	67.5	5064.03127	24.52875	2.38058E-4	2.38493E-4	5.69587E-4
52254.74717	0.03573	1.67652	67.5	5064.53859	25.46437	7.7495E-5	6.11924E-4	8.87331E-5
55854.63964	0.19319	1.67652	67.5	5064.68631	25.72194	2.62567E-5	-3.33902E-4	-5.79906E-7
59454.57843	0.18944	1.67652	67.5	5064.72714	25.79258	9.96681E-6	1.45935E-4	4.82924E-4
66654.4538	0.18505	1.67652	67.5	5064.74658	25.82432	5.16531E-14	-4.37204E-4	-1.39074E-5
63054.51499	0.19024	1.67652	67.5	5064.74194	25.82933	4.68055E-14	-2.75982E-4	9.69212E-5
70254.4014	0.19011	1.67652	67.5	5064.74854	25.84038	2.45082E-14	-6.11534E-4	1.86046E-4
77454.27636	0.1806	1.67652	67.5	5064.74805	25.84372	6.75406E-14	1.47369E-4	8.57266E-4
73854.33915	0.18538	1.67652	67.5	5064.74951	25.85053	3.16136E-14	5.84568E-5	3.4286E-6
1905.05554	-0.03049	1.67692	70	5050.52381	-7.46111	3.44385E-4	0.00139	0.0011
5505.21757	-0.45073	1.67692	70	5051.54002	-5.30092	1.54693E-4	5.16751E-5	3.28727E-4
9105.0479	0.1903	1.67692	70	5052.15407	-3.39608	3.51846E-4	0.00161	0.00182
12705.00666	0.24782	1.67692	70	5053.5052	-0.5449	2.54351E-4	7.18453E-4	0.00146
16305.06022	0.07698	1.67692	70	5054.19354	1.4013	3.55168E-4	0.00112	0.0014
19904.99594	0.29743	1.67692	70	5055.5822	4.41421	2.89635E-4	6.10634E-5	7.87427E-4
23505.02905	0.18008	1.67692	70	5056.29215	6.3955	3.85126E-4	0.00264	0.00198
27104.98716	0.23185	1.67693	70	5057.70616	9.44848	2.64027E-4	1.51979E-4	2.69537E-4
30704.95152	0.29381	1.67693	70	5058.41023	11.39519	3.77385E-4	0.00175	0.0022
34304.95318	0.1562	1.67691	70	5059.84014	14.53196	2.31642E-4	-0.00125	1.64918E-4
37904.90457	0.23877	1.67689	70	5060.52569	16.3928	3.68193E-4	0.00149	7.87001E-4
41504.77639	0.48048	1.67685	70	5061.93355	19.50666	2.55535E-4	-1.06026E-4	5.81092E-4
45104.81189	0.21478	1.67682	70	5062.63824	21.49917	3.95864E-4	0.00135	0.00118
48704.80946	0.07207	1.67678	70	5064.04321	24.55708	2.19748E-4	4.04255E-4	7.68759E-4
52304.73236	0.06937	1.67678	70	5064.54238	25.47583	7.73817E-5	3.67547E-4	2.48869E-4
55904.62509	0.22691	1.67678	70	5064.68742	25.72042	3.03537E-5	-2.0162E-4	-2.7991E-4
59504.56483	0.22532	1.67677	70	5064.72723	25.79385	1.99224E-5	1.48536E-5	-1.20942E-4
66704.43928	0.23625	1.67677	70	5064.74658	25.82341	5.16531E-14	-3.18687E-4	2.63098E-4
63104.5003	0.2325	1.67677	70	5064.74219	25.82472	6.48847E-14	-3.23579E-4	-4.14979E-4
77504.26687	0.22451	1.67677	70	5064.74805	25.83131	1.10167E-13	6.4685E-4	8.99563E-4
70304.38787	0.23165	1.67677	70	5064.74854	25.83741	2.45082E-14	-0.00111	0.00103
73904.32078	0.23624	1.67677	70	5064.74951	25.85586	3.16136E-14	5.93992E-6	-5.17577E-4
1955.0212	0.10372	1.67711	72.5	5050.53926	-7.41582	3.16059E-4	0.00136	8.77662E-4
5555.2237	-0.45641	1.67711	72.5	5051.54982	-5.28615	1.70259E-4	1.8853E-4	3.57782E-4
9155.02028	0.2522	1.67711	72.5	5052.17415	-3.32786	3.88252E-4	0.00117	0.0016
12755.001	0.28109	1.67711	72.5	5053.5175	-0.52672	2.26356E-4	9.5423E-4	0.00112
16355.05275	0.12409	1.67711	72.5	5054.21277	1.46939	3.88228E-4	0.00102	0.00137
19954.98593	0.3277	1.67711	72.5	5055.59483	4.43307	2.70908E-4	4.93603E-4	7.28391E-4
23555.02074	0.21006	1.67711	72.5	5056.31238	6.46567	4.0965E-4	0.00185	0.0017
27154.9748	0.27763	1.67712	72.5	5057.7186	9.47266	2.56567E-4	3.85124E-4	5.29417E-4
30754.93939	0.32534	1.67712	72.5	5058.42993	11.46781	3.9026E-4	0.00145	0.00187
34354.94661	0.19081	1.6771	72.5	5059.85267	14.54668	2.47232E-4	3.33105E-5	4.88107E-4
37954.87896	0.31243	1.67707	72.5	5060.54428	16.45862	3.85306E-4	0.00152	0.0015
41554.76737	0.50402	1.67703	72.5	5061.94595	19.53996	2.22082E-4	4.57375E-4	7.74189E-4
45154.79405	0.27125	1.677	72.5	5062.65832	21.56566	4.00588E-4	0.00115	9.69779E-4
48754.79453	0.10293	1.67697	72.5	5064.05487	24.57333	2.30754E-4	7.41734E-4	4.21878E-4
52354.71855	0.10269	1.67696	72.5	5064.54619	25.4775	7.63539E-5	7.55198E-4	2.07882E-4
55954.61883	0.26811	1.67696	72.5	5064.6879	25.72105	1.96865E-5	-1.82242E-4	-1.86231E-4
59554.55487	0.2679	1.67696	72.5	5064.72763	25.79692	9.99126E-6	-8.86973E-5	3.14027E-6
66754.43105	0.26989	1.67696	72.5	5064.74658	25.8243	5.16531E-14	1.79097E-4	-1.0081E-4
63154.49127	0.26591	1.67696	72.5	5064.7424	25.83177	3.48387E-6	1.24995E-4	1.56018E-4
70354.37534	0.25837	1.67696	72.5	5064.74854	25.83827	2.45082E-14	-0.00104	4.24422E-4
77554.25497	0.25626	1.67696	72.5	5064.74805	25.83851	1.10245E-13	2.19367E-4	5.59394E-4
73954.31109	0.27174	1.67696	72.5	5064.74951	25.85026	3.16136E-14	2.16144E-4	-8.98468E-4
2004.98685	0.23798	1.67728	75	5050.5547	-7.37053	2.87716E-4	0.00133	6.5315E-4
5605.22978	-0.46192	1.67728	75	5051.55961	-5.27136	1.85803E-4	3.23871E-4	3.86945E-4
9204.99267	0.314	1.67728	75	5052.19422	-3.25964	4.24708E-4	7.31414E-4	0.00138
12804.99535	0.31433	1.67728	75	5053.5298	-0.50856	1.98302E-4	0.00119	7.69646E-4
16405.04529	0.17121	1.67728	75	5054.23199	1.53748	4.21323E-4	9.22644E-4	0.00134
20004.97592	0.35795	1.67728	75	5055.60747	4.45191	2.52087E-4	9.27852E-4	6.69173E-4
23605.01244	0.24002	1.67728	75	5056.3326	6.53583	4.34211E-4	0.00105	0.00143
27204.96243	0.3234	1.6773	75	5057.73104	9.49682	2.491E-4	6.18902E-4	7.89887E-4
30804.92725	0.35682	1.67731	75	5058.44962	11.54045	4.03143E-4	0.00115	0.00154
34404.94004	0.22542	1.67729	75	5059.8652	14.56138	2.62878E-4	0.00132	8.1225E-4
38004.85334	0.38607	1.67726	75	5060.56287	16.52446	4.0241E-4	0.00155	0.00222
41604.75835	0.52749	1.67721	75	5061.95835	19.57333	1.88532E-4	0.00102	9.67952E-4
45204.77619	0.32779	1.67718	75	5062.67841	21.63217	4.0528E-4	9.53466E-4	7.59363E-4
48804.77959	0.13378	1.67715	75	5064.06653	24.58958	2.41783E-4	0.00108	7.45666E-5
52404.70474	0.13601	1.67714	75	5064.55001	25.47916	7.53251E-5	0.00114	1.66689E-4
56004.61258	0.30933	1.67714	75	5064.68837	25.7217	8.99157E-6	-1.63075E-4	-9.18528E-5
59604.54492	0.3105	1.67714	75	5064.72803	25.79999	2.26829E-8	-1.92196E-4	1.28592E-4
66804.42284	0.3035	1.67714	75	5064.74658	25.82519	5.16531E-14	6.77635E-4	-4.65993E-4
63204.48226	0.29931	1.67714	75	5064.74262	25.83885	6.97461E-6	5.74547E-4	7.29149E-4
70404.36281	0.28506	1.67714	75	5064.74854	25.83914	2.45082E-14	-9.72214E-4	-1.82418E-4
74004.30142	0.30722	1.67714	75	5064.74951	25.84465	3.16136E-14	4.26862E-4	-0.00128
77604.24306	0.28799	1.67714	75	5064.74805	25.84574	1.10245E-13	-2.09815E-4	2.18525E-4
2054.97969	0.21909	1.6774	77.5	5050.57024	-7.3275	2.96444E-4	4.96878E-4	0.00109
5655.21457	-0.4001	1.6774	77.5	5051.56876	-5.2509	1.93305E-4	-1.21628E-4	4.57473E-4
9254.98061	0.35993	1.6774	77.5	5052.21539	-3.20177	4.16032E-4	9.28576E-4	0.00151
12854.98962	0.34501	1.6774	77.5	5053.54168	-0.48501	2.26211E-4	7.94281E-4	3.02466E-4
16455.03967	0.19757	1.6774	77.5	5054.25277	1.60622	4.22168E-4	2.19306E-4	0.00144
20054.96927	0.38686	1.6774	77.5	5055.61975	4.47179	2.34672E-4	4.69583E-4	6.46262E-4
23655.00801	0.2608	1.6774	77.5	5056.35371	6.60189	4.26485E-4	0.00108	0.00159
27254.95693	0.35964	1.67742	77.5	5057.74316	9.51736	2.60704E-4	3.82856E-4	5.68411E-4
30854.9179	0.38569	1.67743	77.5	5058.47042	11.60394	3.94283E-4	0.00131	0.00142
34454.93042	0.25437	1.6774	77.5	5059.87719	14.58936	2.63276E-4	0.00117	5.69389E-4
38054.84596	0.41362	1.67738	77.5	5060.58221	16.59104	4.05866E-4	0.00146	0.00172
41654.75385	0.54684	1.67734	77.5	5061.97023	19.59233	2.2327E-4	7.70283E-4	6.79153E-4
45254.75927	0.38232	1.67731	77.5	5062.69938	21.69366	4.05138E-4	0.00152	9.41235E-4
48854.7702	0.15971	1.67727	77.5	5064.0778	24.61621	2.50902E-4	6.32409E-4	1.33616E-4
52454.70741	0.15984	1.67726	77.5	5064.55231	25.481	6.98537E-5	4.38414E-4	-1.60885E-4
56054.60185	0.3335	1.67726	77.5	5064.68926	25.7238	1.86786E-5	1.85073E-6	8.17035E-5
59654.54046	0.33175	1.67726	77.5	5064.72851	25.79873	5.11039E-14	-3.80954E-5	-1.57564E-4
66854.41448	0.33196	1.67726	77.5	5064.74683	25.82978	7.53945E-14	2.85463E-4	-4.8357E-4
63254.47763	0.32866	1.67726	77.5	5064.74265	25.83193	3.49981E-6	3.35704E-4	5.06716E-4
70454.35649	0.31628	1.67726	77.5	5064.74854	25.83216	2.45082E-14	-4.89915E-4	-2.43519E-5
74054.29726	0.33106	1.67726	77.5	5064.74951	25.84041	3.16136E-14	8.47457E-4	-0.00123
77654.23828	0.31493	1.67726	77.5	5064.74805	25.84479	1.10245E-13	-2.15605E-5	2.15231E-4
2104.97258	0.19991	1.6775	80	5050.58578	-7.28448	3.05241E-4	-3.39718E-4	0.00153
5705.19935	-0.33828	1.6775	80	5051.57791	-5.23045	2.00801E-4	-5.65822E-4	5.27747E-4
9304.96859	0.40581	1.6775	80	5052.23656	-3.14394	4.07251E-4	0.00113	0.00165
12904.98388	0.37569	1.6775	80	5053.55356	-0.46144	2.5426E-4	3.96527E-4	-1.65016E-4
16505.03404	0.2239	1.6775	80	5054.27354	1.67495	4.22965E-4	-4.84933E-4	0.00155
20104.96264	0.41577	1.6775	80	5055.63202	4.49168	2.1726E-4	8.74239E-6	6.23456E-4
23705.00359	0.28155	1.6775	80	5056.37482	6.66794	4.18696E-4	0.00111	0.00176
27304.95146	0.39585	1.67755	80	5057.75528	9.53789	2.72357E-4	1.45613E-4	3.45709E-4
30904.90855	0.41455	1.6776	80	5058.49122	11.66739	3.85363E-4	0.00147	0.0013
34504.9208	0.28331	1.67755	80	5059.88917	14.61736	2.63648E-4	0.00101	3.25515E-4
38104.83862	0.44103	1.67756	80	5060.60155	16.65762	4.09281E-4	0.00136	0.00122
41704.74936	0.56617	1.67749	80	5061.9821	19.61127	2.58269E-4	5.13351E-4	3.88506E-4
45304.74235	0.43685	1.6775	80	5062.72036	21.75513	4.04984E-4	0.0021	0.00112
48904.76082	0.18563	1.67743	80	5064.08908	24.64286	2.60018E-4	1.84537E-4	1.93147E-4
52504.7101	0.18366	1.67744	80	5064.55461	25.48284	6.43757E-5	-2.68297E-4	-4.88883E-4
56104.5911	0.35764	1.67744	80	5064.69014	25.7259	2.8409E-5	1.67087E-4	2.55428E-4
59704.53602	0.35296	1.67744	80	5064.729	25.79746	7.2113E-14	1.16593E-4	-4.44658E-4
63304.47302	0.358	1.67744	80	5064.74268	25.82498	8.76817E-9	9.52555E-5	2.82427E-4
70504.35017	0.34751	1.67744	80	5064.74854	25.82516	2.45082E-14	-6.66337E-6	1.35487E-4
66904.40612	0.36041	1.67744	80	5064.74707	25.83437	9.91909E-14	-1.08775E-4	-5.0034E-4
74104.29312	0.35487	1.67744	80	5064.74951	25.83618	3.16136E-14	0.00127	-0.00117
77704.23352	0.34187	1.67744	80	5064.74805	25.84382	1.10245E-13	1.6812E-4	2.12717E-4
2154.96947	0.25487	1.67748	82.5	5050.6016	-7.24334	3.16351E-4	3.16816E-4	0.00148
5755.17998	-0.27833	1.67748	82.5	5051.58708	-5.21948	2.05947E-4	-3.55751E-4	4.70997E-4
9354.95984	0.42749	1.67748	82.5	5052.25835	-3.08628	4.2794E-4	8.25678E-4	0.00144
12954.97588	0.39304	1.67748	82.5	5053.56449	-0.43692	2.48951E-4	7.63361E-4	1.93835E-4
16555.02622	0.24515	1.67748	82.5	5054.29538	1.74309	4.42651E-4	1.33964E-4	0.00176
20154.96071	0.43346	1.67748	82.5	5055.64389	4.50678	2.20562E-4	2.63539E-4	6.61165E-4
23754.99792	0.2962	1.67748	82.5	5056.39722	6.75314	4.4679E-4	2.78661E-4	0.00113
27354.93977	0.4302	1.67753	82.5	5057.76748	9.55705	2.39989E-4	-3.31795E-4	3.97912E-4
30954.90202	0.43855	1.67757	82.5	5058.51292	11.73811	4.20842E-4	0.00176	0.00158
34554.91643	0.30045	1.67753	82.5	5059.90092	14.63873	2.52712E-4	6.88629E-4	6.66566E-4
38154.82973	0.47129	1.67753	82.5	5060.62226	16.72671	4.05465E-4	0.00158	0.00153
41754.75239	0.56089	1.67748	82.5	5061.9935	19.62695	2.28191E-4	7.98564E-4	5.34847E-4
45354.72924	0.47053	1.67748	82.5	5062.74224	21.8284	4.15434E-4	0.00154	0.00137
48954.75897	0.20459	1.67741	82.5	5064.09995	24.65513	2.23247E-4	1.0447E-4	4.53897E-4
52554.70081	0.19985	1.67741	82.5	5064.55831	25.49391	5.80221E-5	-5.14622E-5	-3.49339E-4
56154.58553	0.36939	1.67741	82.5	5064.69093	25.73156	2.25349E-5	-2.16119E-5	-1.31769E-4
59754.53062	0.3746	1.67741	82.5	5064.72949	25.80143	6.53264E-14	4.41341E-4	-2.53711E-4
74154.2865	0.36926	1.67741	82.5	5064.74951	25.82554	3.16136E-14	0.00121	-6.08835E-5
63354.46884	0.37536	1.67741	82.5	5064.74268	25.82683	6.38933E-14	-4.15947E-4	6.97463E-5
77754.22803	0.36356	1.67741	82.5	5064.74805	25.83151	1.10245E-13	5.59604E-4	-3.11897E-4
66954.40248	0.38078	1.67741	82.5	5064.74707	25.83383	9.92539E-14	-3.37227E-4	-3.10968E-4
70554.34689	0.36659	1.67741	82.5	5064.74854	25.83819	2.45082E-14	-3.62684E-4	-8.4047E-5
2204.96637	0.30999	1.67746	85	5050.61742	-7.2022	3.27466E-4	9.76564E-4	0.00143
5805.16062	-0.2184	1.67746	85	5051.59625	-5.20849	2.1105E-4	-1.45647E-4	4.14303E-4
9404.9511	0.44909	1.67746	85	5052.28014	-3.02862	4.48712E-4	5.22709E-4	0.00123
13004.96788	0.41035	1.67746	85	5053.57541	-0.4124	2.43552E-4	0.00113	5.54938E-4
16605.01839	0.2664	1.67746	85	5054.31721	1.81122	4.62368E-4	7.5513E-4	0.00197
20204.95879	0.45112	1.67746	85	5055.65574	4.52186	2.23926E-4	5.20516E-4	6.99058E-4
23804.99224	0.31083	1.67746	85	5056.41962	6.83837	4.7496E-4	-5.53817E-4	5.03301E-4
27404.92807	0.46454	1.67749	85	5057.77967	9.57621	2.07499E-4	-8.09867E-4	4.50875E-4
31004.89549	0.46254	1.67753	85	5058.53463	11.80884	4.56455E-4	0.00205	0.00186
34604.91206	0.31757	1.67751	85	5059.91267	14.66008	2.41752E-4	3.66226E-4	0.00101
38204.82084	0.50155	1.6775	85	5060.64298	16.79581	4.01625E-4	0.0018	0.00185
41804.75545	0.55551	1.67747	85	5062.0049	19.64261	1.97853E-4	0.00109	6.82941E-4
45404.71613	0.50413	1.67745	85	5062.76413	21.9017	4.25917E-4	9.88369E-4	0.00161
49004.75712	0.22355	1.67738	85	5064.11081	24.66738	1.86403E-4	2.49777E-5	7.14962E-4
52604.69149	0.21603	1.67737	85	5064.56201	25.505	5.16673E-5	1.66644E-4	-2.09151E-4
56204.57997	0.3811	1.67737	85	5064.69171	25.73724	1.66208E-5	-2.11217E-4	-5.20402E-4
59804.52521	0.39625	1.67737	85	5064.72998	25.80541	5.84715E-14	7.66508E-4	-6.15886E-5
74204.27988	0.38363	1.67737	85	5064.74951	25.81488	3.16136E-14	0.00115	0.00105
77804.22254	0.38523	1.67737	85	5064.74805	25.81917	1.10245E-13	9.51593E-4	-8.37816E-4
63404.46466	0.39269	1.67737	85	5064.74268	25.82869	6.38933E-14	-9.27832E-4	-1.42905E-4
67004.39885	0.40114	1.67737	85	5064.74707	25.83328	9.92539E-14	-5.6524E-4	-1.2105E-4
70604.34361	0.38564	1.67737	85	5064.74854	25.85128	2.45082E-14	-7.20864E-4	-3.04557E-4
2254.98444	0.21016	1.67728	87.5	5050.6339	-7.16371	3.113E-4	6.96462E-4	0.00122
5855.14454	-0.168	1.67728	87.5	5051.6049	-5.18961	1.80769E-4	9.17067E-5	4.04788E-4
9454.92528	0.52284	1.67728	87.5	5052.3022	-2.97496	4.56475E-4	9.81215E-4	0.00119
13054.96529	0.42056	1.67728	87.5	5053.5866	-0.39571	2.35701E-4	0.00152	7.04072E-4
16655.01582	0.27789	1.67728	87.5	5054.3396	1.8682	4.59375E-4	4.62484E-4	0.00183
20254.95342	0.45663	1.67728	87.5	5055.66739	4.55037	2.34673E-4	6.75422E-4	5.5341E-4
23854.98993	0.31697	1.67728	87.5	5056.44278	6.88129	4.80964E-4	0.00132	0.00124
27454.92094	0.4792	1.67734	87.5	5057.79108	9.60221	2.07641E-4	-4.86639E-4	6.30674E-4
31054.88728	0.47826	1.67738	87.5	5058.55748	11.88056	4.68016E-4	0.00189	0.00139
34654.90666	0.32467	1.67736	87.5	5059.92402	14.67105	2.41276E-4	7.1421E-4	6.67455E-4
38254.81095	0.52123	1.67735	87.5	5060.66453	16.8591	4.11912E-4	0.00127	0.00172
41854.75885	0.55219	1.67731	87.5	5062.0159	19.65851	2.0045E-4	8.28836E-4	7.42253E-4
45454.70963	0.53699	1.67729	87.5	5062.78663	21.95552	4.45504E-4	9.25244E-4	0.00164
49054.75263	0.23275	1.67721	87.5	5064.1215	24.69705	2.10134E-4	2.62656E-5	4.48723E-4
52654.69068	0.22438	1.67721	87.5	5064.56514	25.51524	4.79435E-5	4.68838E-4	1.36414E-4
56254.57954	0.39168	1.67721	87.5	5064.69255	25.73816	1.08094E-5	4.38324E-5	-1.65602E-4
59854.51822	0.40249	1.67721	87.5	5064.73022	25.79797	6.67704E-14	5.77621E-4	1.23377E-4
77854.21873	0.39645	1.67721	87.5	5064.74805	25.81877	1.10245E-13	0.00101	-5.60313E-4
74254.28023	0.38497	1.67721	87.5	5064.74951	25.82213	3.16136E-14	3.73535E-4	5.00936E-4
63454.46255	0.39781	1.67721	87.5	5064.74292	25.82272	4.65656E-14	-4.59007E-4	-3.91957E-4
67054.39629	0.40278	1.67721	87.5	5064.74707	25.82544	9.92539E-14	-3.89547E-4	3.04167E-4
70654.33476	0.38844	1.67721	87.5	5064.74854	25.85332	2.45082E-14	-8.32498E-4	1.36116E-4
2305.00255	0.10998	1.67708	90	5050.65037	-7.12523	2.95071E-4	4.14219E-4	0.00101
5905.12845	-0.1176	1.67708	90	5051.61355	-5.17074	1.50493E-4	3.28776E-4	3.95227E-4
9504.89941	0.59675	1.67708	90	5052.32426	-2.9213	4.64196E-4	0.00144	0.00115
13104.96272	0.43075	1.67708	90	5053.59779	-0.37904	2.27843E-4	0.00192	8.52561E-4
16705.01326	0.28937	1.67708	90	5054.36199	1.92516	4.56336E-4	1.67984E-4	0.00169
20304.94803	0.46211	1.67708	90	5055.67904	4.57892	2.45443E-4	8.29999E-4	4.0717E-4
23904.98763	0.32308	1.67708	90	5056.46594	6.92411	4.86918E-4	0.0032	0.00198
27504.91383	0.4938	1.67716	90	5057.80248	9.62823	2.07888E-4	-1.60817E-4	8.10884E-4
31104.87905	0.49395	1.67719	90	5058.58034	11.95227	4.79499E-4	0.00173	9.14434E-4
34704.90126	0.33175	1.67718	90	5059.93537	14.682	2.40826E-4	0.00106	3.24415E-4
38304.80106	0.54086	1.67716	90	5060.68608	16.92236	4.22248E-4	7.25577E-4	0.00158
41904.76226	0.54888	1.67713	90	5062.02689	19.6744	2.03174E-4	5.69605E-4	8.0122E-4
45504.70315	0.56983	1.67709	90	5062.80914	22.00926	4.65125E-4	8.6393E-4	0.00168
49104.74813	0.24193	1.67703	90	5064.13218	24.72675	2.33964E-4	2.76859E-5	1.8162E-4
52704.68988	0.23271	1.67703	90	5064.56827	25.52548	4.42242E-5	7.7118E-4	4.8234E-4
56304.57912	0.40226	1.67703	90	5064.69339	25.73906	4.99831E-6	3.00119E-4	1.91268E-4
59904.51123	0.4087	1.67702	90	5064.73047	25.7905	7.51097E-14	3.87358E-4	3.08323E-4
63504.46044	0.40289	1.67702	90	5064.74316	25.81673	2.91914E-14	1.24515E-5	-6.41106E-4
67104.39373	0.40437	1.67702	90	5064.74707	25.81759	9.92539E-14	-2.12722E-4	7.30042E-4
77904.21491	0.40763	1.67702	90	5064.74805	25.8184	1.10245E-13	0.00106	-2.80623E-4
74304.28061	0.38628	1.67702	90	5064.74951	25.82942	3.16136E-14	-4.05797E-4	-5.49942E-5
70704.32588	0.3912	1.67702	90	5064.74854	25.85532	2.45082E-14	-9.43465E-4	5.78576E-4